hubmap_id,uuid,descendants,has_h5,exact_hubmap_id
HBM224.GLDC.549,fd0c0fcde5a331c9dfff52b520c7d792,0d1eb3d774a694b79e844987f771b183,True,HBM689.ZKRJ.585
HBM224.GLDC.549,fd0c0fcde5a331c9dfff52b520c7d792,107f237dc1c866e9e9b215c7354c8d6a,True,HBM297.XVDG.492
HBM224.GLDC.549,fd0c0fcde5a331c9dfff52b520c7d792,0d1eb3d774a694b79e844987f771b183,True,HBM689.ZKRJ.585
HBM224.GLDC.549,fd0c0fcde5a331c9dfff52b520c7d792,107f237dc1c866e9e9b215c7354c8d6a,True,HBM297.XVDG.492
HBM232.KNBD.954,4c4d0414f303303ca858da5a5d343f6a,82400009b02f7651f3edf5b292f7cd9a,True,HBM439.JPZX.574
HBM232.KNBD.954,4c4d0414f303303ca858da5a5d343f6a,82400009b02f7651f3edf5b292f7cd9a,True,HBM439.JPZX.574
HBM238.MHWZ.654,42a767c2036382d7f015989cad1ce138,704d16116f29994ab0e714f4afdb5516,True,HBM479.GMDK.586
HBM238.MHWZ.654,42a767c2036382d7f015989cad1ce138,704d16116f29994ab0e714f4afdb5516,True,HBM479.GMDK.586
HBM239.XXRN.647,397b6f876ec7976923650135481d08e5,dd3e6da115fd13eee62d9a4fba2324ae,True,HBM947.GLGL.465
HBM239.XXRN.647,397b6f876ec7976923650135481d08e5,dd3e6da115fd13eee62d9a4fba2324ae,True,HBM947.GLGL.465
HBM245.VSKK.846,e30d1d413f45c48edbfdf0ecf9d58dcc,7479e6dbfa3b3a8e1e2d4f78cbe0f9e4,True,HBM443.VNQV.892
HBM245.VSKK.846,e30d1d413f45c48edbfdf0ecf9d58dcc,7479e6dbfa3b3a8e1e2d4f78cbe0f9e4,True,HBM443.VNQV.892
HBM246.DMSS.835,05197e30394fd88affff0a9c214c8c4c,4b16c24a3997ea8754921b0f1d60bc4d,True,HBM244.QJFT.664
HBM252.BMWF.224,d34706323794467348995af37072b5ee,ac1d4544ab4886b851f74b2c21952378,True,HBM339.FPMK.994
HBM252.BMWF.224,d34706323794467348995af37072b5ee,ac1d4544ab4886b851f74b2c21952378,True,HBM339.FPMK.994
HBM255.HLNC.938,154ec6344a58e4acb15ad01977b84baf,eb961e5dc50239d35f5398903c64e2b9,True,HBM234.VNGB.747
HBM255.HLNC.938,154ec6344a58e4acb15ad01977b84baf,eb961e5dc50239d35f5398903c64e2b9,True,HBM234.VNGB.747
HBM256.KFVT.324,f37e71fbc717aac007cfc9efc6de2cf8,b5aaa0ff6cde445a6808dc03e27c9364,True,HBM574.MNBP.566
HBM257.DBNG.933,9e8d22618bc17f270c58b7bb2581ece4,a69367866979f878635b2b665a6a7e0c,True,HBM974.RQNL.845
HBM257.DBNG.933,9e8d22618bc17f270c58b7bb2581ece4,a69367866979f878635b2b665a6a7e0c,True,HBM974.RQNL.845
HBM257.JTGD.599,1fb5bcc68099ff64c34809153de0c5cc,969b81f6dfbc0ed1fc21b00e2997d441,True,HBM675.BNXN.855
HBM258.BWHR.287,7e39dcec932155b62e332ba7d3b18d35,19304b10d9e1f17af19cccb2feb014a5,True,HBM284.MNHF.223
HBM259.BPTK.843,f852d653926edb68292e39b95a3469cf,dd3e6da115fd13eee62d9a4fba2324ae,True,HBM947.GLGL.465
HBM259.BPTK.843,f852d653926edb68292e39b95a3469cf,dd3e6da115fd13eee62d9a4fba2324ae,True,HBM947.GLGL.465
HBM264.RWRW.668,c686b93a809ec1f54a0d96bc25d3d207,6cd63d0ee2c67c3be41e4be1522d9c07,True,HBM465.STNV.844
HBM264.RWRW.668,c686b93a809ec1f54a0d96bc25d3d207,9194b6a9ed87b1ce0a6744cc26bd3eca,True,HBM532.RKTB.483
HBM264.RWRW.668,c686b93a809ec1f54a0d96bc25d3d207,6cd63d0ee2c67c3be41e4be1522d9c07,True,HBM465.STNV.844
HBM264.RWRW.668,c686b93a809ec1f54a0d96bc25d3d207,9194b6a9ed87b1ce0a6744cc26bd3eca,True,HBM532.RKTB.483
HBM265.NXDR.935,4038c7a3510b38f0cd036aa4955246eb,33c0ce043ae331ea23fc80023428e534,True,HBM475.CVXD.875
HBM265.NXDR.935,4038c7a3510b38f0cd036aa4955246eb,33c0ce043ae331ea23fc80023428e534,True,HBM475.CVXD.875
HBM266.ZBKL.396,1ebb8c979c90d0c214f3ebc7aaaa2207,c40da13b509a43ba96d3a6832f79bf71,True,HBM463.SSWN.245
HBM276.BCVG.232,142dde4b515934bdd9384c2aea081ebb,d1e9f509063984326570cf603c5654f2,True,HBM545.NTKZ.536
HBM276.BCVG.232,142dde4b515934bdd9384c2aea081ebb,d1e9f509063984326570cf603c5654f2,True,HBM545.NTKZ.536
HBM277.KCLM.554,59da4436e52d9cacc743c1a9bbdd566f,d171ff8d83f707ecca64ff159c7160a7,True,HBM739.ZDLB.526
HBM283.GHKJ.532,be7059191ba49651655db7d333610ad2,f90ca327ace4f28721be1c39c77d8834,True,HBM563.ZTXJ.296
HBM283.GHKJ.532,be7059191ba49651655db7d333610ad2,f90ca327ace4f28721be1c39c77d8834,True,HBM563.ZTXJ.296
HBM288.RCTV.965,c5e4adcf2ef956864a087d1691e8e8cd,aa93e53df10842c13348a334c8fe423f,True,HBM236.KSJH.889
HBM288.RCTV.965,c5e4adcf2ef956864a087d1691e8e8cd,aa93e53df10842c13348a334c8fe423f,True,HBM236.KSJH.889
HBM296.PCFN.989,275c81f5f8b4f53f925f9742cb440efa,a69367866979f878635b2b665a6a7e0c,True,HBM974.RQNL.845
HBM296.PCFN.989,275c81f5f8b4f53f925f9742cb440efa,a69367866979f878635b2b665a6a7e0c,True,HBM974.RQNL.845
HBM298.KXFW.694,da37b64d6f5823747274c719cd590890,bbcad31a55b1710dd5f889be8f63b62b,True,HBM747.TCHW.829
HBM298.KXFW.694,da37b64d6f5823747274c719cd590890,bbcad31a55b1710dd5f889be8f63b62b,True,HBM747.TCHW.829
HBM328.FTJW.669,ade674f0277942c9a1297494fcf3511d,aa93e53df10842c13348a334c8fe423f,True,HBM236.KSJH.889
HBM328.FTJW.669,ade674f0277942c9a1297494fcf3511d,aa93e53df10842c13348a334c8fe423f,True,HBM236.KSJH.889
HBM335.XXBG.857,1e766956a9c48e8e61ffb1ab28e8e4e4,a69367866979f878635b2b665a6a7e0c,True,HBM974.RQNL.845
HBM335.XXBG.857,1e766956a9c48e8e61ffb1ab28e8e4e4,a69367866979f878635b2b665a6a7e0c,True,HBM974.RQNL.845
HBM342.MWMW.936,00d9d4bf8b010eaa6fca4361476cd2ad,8c5e705001d5cc1c40dbd963ad848486,True,HBM745.HTBD.332
HBM342.MWMW.936,00d9d4bf8b010eaa6fca4361476cd2ad,8c5e705001d5cc1c40dbd963ad848486,True,HBM745.HTBD.332
HBM344.HZNN.755,faa74840f52d939f81d3e31ff5f0c154,ae9d6066c8b680aa82e8da8a259fb429,True,HBM844.HZPP.455
HBM347.VDHS.379,26b642ddbae00e7ff6570ddd57557e26,79f087ae551dd72997f174646bb0d5e0,True,HBM963.KZKG.549
HBM349.KWMK.599,2746ce8d450265ace2c6aee762c8dfda,ac1d4544ab4886b851f74b2c21952378,True,HBM339.FPMK.994
HBM349.KWMK.599,2746ce8d450265ace2c6aee762c8dfda,ac1d4544ab4886b851f74b2c21952378,True,HBM339.FPMK.994
HBM349.XPRZ.258,d7bd2925c466eedc009c1cd272011529,ac1d4544ab4886b851f74b2c21952378,True,HBM339.FPMK.994
HBM349.XPRZ.258,d7bd2925c466eedc009c1cd272011529,ac1d4544ab4886b851f74b2c21952378,True,HBM339.FPMK.994
HBM359.CQKZ.649,ab3df69d522e29ca793bae7495e1b301,969b81f6dfbc0ed1fc21b00e2997d441,True,HBM675.BNXN.855
HBM363.LDZL.423,614073f249f8881b2fe4a29db6bea266,ac1d4544ab4886b851f74b2c21952378,True,HBM339.FPMK.994
HBM363.LDZL.423,614073f249f8881b2fe4a29db6bea266,ac1d4544ab4886b851f74b2c21952378,True,HBM339.FPMK.994
HBM363.NSBV.432,5a1449ecf5a58494e11ed7a78a7d104a,8c5e705001d5cc1c40dbd963ad848486,True,HBM745.HTBD.332
HBM363.NSBV.432,5a1449ecf5a58494e11ed7a78a7d104a,8c5e705001d5cc1c40dbd963ad848486,True,HBM745.HTBD.332
HBM366.RVSS.338,46f707a38043ac6d2cd6a3700979c8f8,fa9a13fa6cca3c96869930f0b483b484,True,HBM986.TMMG.663
HBM366.RVSS.338,46f707a38043ac6d2cd6a3700979c8f8,fa9a13fa6cca3c96869930f0b483b484,True,HBM986.TMMG.663
HBM368.FDDS.927,e4cb7061eafcb4605b138b56dd8b10c0,7479e6dbfa3b3a8e1e2d4f78cbe0f9e4,True,HBM443.VNQV.892
HBM368.FDDS.927,e4cb7061eafcb4605b138b56dd8b10c0,7479e6dbfa3b3a8e1e2d4f78cbe0f9e4,True,HBM443.VNQV.892
HBM368.QPXJ.543,e0d7eaffb0da948ed150d1cfc94db74b,969b81f6dfbc0ed1fc21b00e2997d441,True,HBM675.BNXN.855
HBM369.FCNZ.863,db9e2006effe3168b4b4f28b96e65d34,316772d6487538152b82e056fa74471d,True,HBM384.DLRM.527
HBM369.FCNZ.863,db9e2006effe3168b4b4f28b96e65d34,316772d6487538152b82e056fa74471d,True,HBM384.DLRM.527
HBM373.FNMG.689,7d59d1738906d1ffcdbb4888c21cce10,b30f6ae2e11e7537bcbe8a67ef6c61fe,True,HBM837.WLNG.477
HBM374.BXTC.899,fbecb40eb616c4b5434b5d04f950ffb0,d11c49c38ffba032b8a95e28a781f54b,True,HBM724.LVHJ.956
HBM374.BXTC.899,fbecb40eb616c4b5434b5d04f950ffb0,d11c49c38ffba032b8a95e28a781f54b,True,HBM724.LVHJ.956
HBM375.KNVL.645,af3e387f2441f172cbe7de29ea5c3c16,33c0ce043ae331ea23fc80023428e534,True,HBM475.CVXD.875
HBM375.KNVL.645,af3e387f2441f172cbe7de29ea5c3c16,33c0ce043ae331ea23fc80023428e534,True,HBM475.CVXD.875
HBM375.ZKZZ.765,cfc125d6d916f121e92a8406a0502a38,7017034c816444f6acb469834e53344f,True,HBM874.GLHT.852
HBM375.ZKZZ.765,cfc125d6d916f121e92a8406a0502a38,4fee7d4cc398bcb85e3c2a31b7baf999,True,HBM692.FLDL.779
HBM378.WGXD.394,e62b7f592efe97894de86cfabbfddde8,3d0bf870aaa607cd0bd0146a461ea0ac,True,HBM877.JFMS.222
HBM378.WGXD.394,e62b7f592efe97894de86cfabbfddde8,3d0bf870aaa607cd0bd0146a461ea0ac,True,HBM877.JFMS.222
HBM379.QCJT.435,2a599987cc11b2d575e4a17bd1605e80,e10f4899d35a9f39a2963fe9586b5fa4,True,HBM253.GTLF.654
HBM379.ZGKM.223,26dc619ecea3f40441064f18e1a8b879,7479e6dbfa3b3a8e1e2d4f78cbe0f9e4,True,HBM443.VNQV.892
HBM379.ZGKM.223,26dc619ecea3f40441064f18e1a8b879,7479e6dbfa3b3a8e1e2d4f78cbe0f9e4,True,HBM443.VNQV.892
HBM382.HNKL.447,9049f48b97dc5edc737b67783a47e918,e65175561b4b17da5352e3837aa0e497,True,HBM363.TBHH.346
HBM382.HNKL.447,9049f48b97dc5edc737b67783a47e918,5302ee81cb9692dfda92b2c5dad37198,True,HBM938.FTRX.289
HBM384.BWTV.862,bf8faee3a82026ccf2a65965fd158a1f,d1e9f509063984326570cf603c5654f2,True,HBM545.NTKZ.536
HBM384.BWTV.862,bf8faee3a82026ccf2a65965fd158a1f,d1e9f509063984326570cf603c5654f2,True,HBM545.NTKZ.536
HBM385.CJKX.252,37ff32a1868159ac3132808b2630259f,5f2a08b1c3ce5d7d880dd19b5eb9d04c,True,HBM225.KQHH.468
HBM386.CVHG.956,644e9e8c2e6dfb07223188b86eb17ed4,9457860c1b69f7ec3e51a6b648eabf13,True,HBM993.ZNNJ.876
HBM386.CVHG.956,644e9e8c2e6dfb07223188b86eb17ed4,9457860c1b69f7ec3e51a6b648eabf13,True,HBM993.ZNNJ.876
HBM388.JGKV.766,4ea28b66fb08185a484df0fa0b9543dc,4608ccb9df2505ed8f3ffe02451b4a19,True,HBM886.XJSL.755
HBM388.ZSNN.945,756a0eed9508a9b96a0276b8a7a6d7e2,9e91d1be412466551533cce5594450cb,True,HBM888.CHTX.783
HBM389.FGMD.644,d615cc96a8606bb6819bed2a8d7f24ac,f7a8e78dea9cf70735059e8b4a179701,True,HBM475.FWNZ.942
HBM393.CCBZ.572,ba35e752b5c6b18f75753e76774dda65,e35c788dcdcb18c64ad300097b0b863c,True,HBM349.BJZL.272
HBM393.CCBZ.572,ba35e752b5c6b18f75753e76774dda65,e35c788dcdcb18c64ad300097b0b863c,True,HBM349.BJZL.272
HBM393.NWNB.684,026ab5fb8cf7681220b423d453a583aa,7479e6dbfa3b3a8e1e2d4f78cbe0f9e4,True,HBM443.VNQV.892
HBM393.NWNB.684,026ab5fb8cf7681220b423d453a583aa,7479e6dbfa3b3a8e1e2d4f78cbe0f9e4,True,HBM443.VNQV.892
HBM394.VPCK.634,7836f1c899015976a0fee6c1f6c03963,86ad3859bb98f5d35e5f2ce553e64164,True,HBM987.RLTF.378
HBM394.VPCK.634,7836f1c899015976a0fee6c1f6c03963,86ad3859bb98f5d35e5f2ce553e64164,True,HBM987.RLTF.378
HBM396.JHNS.692,055730a8c5486ec9bf66af90102e5626,5d59784e70a74d4f44c729afff22668c,True,HBM244.WRXM.247
HBM396.JHNS.692,055730a8c5486ec9bf66af90102e5626,5d59784e70a74d4f44c729afff22668c,True,HBM244.WRXM.247
HBM396.QSCB.763,737617c116e94ded77b9de7611c469e9,d1e9f509063984326570cf603c5654f2,True,HBM545.NTKZ.536
HBM396.QSCB.763,737617c116e94ded77b9de7611c469e9,d1e9f509063984326570cf603c5654f2,True,HBM545.NTKZ.536
HBM398.CFZH.458,8fcb96b98c87178e2666435a3b3a5350,33c0ce043ae331ea23fc80023428e534,True,HBM475.CVXD.875
HBM398.CFZH.458,8fcb96b98c87178e2666435a3b3a5350,33c0ce043ae331ea23fc80023428e534,True,HBM475.CVXD.875
HBM398.ZSNW.578,d74c1643f3f4c22a4758e5931029ed75,ee6e44b3e6cb77ef1806e722390a01a8,True,HBM364.ZLDR.283
HBM399.TFTQ.282,4ea7a4cf1a6ff0df0cc33c1236633112,434fbc55d458dc4e06da9ba4961f3840,True,HBM292.MTQK.563
HBM399.TFTQ.282,4ea7a4cf1a6ff0df0cc33c1236633112,71e7e38c9d8a2f211e3ef47d7b8f3fe6,True,HBM476.ZWMS.768
HBM399.TFTQ.282,4ea7a4cf1a6ff0df0cc33c1236633112,434fbc55d458dc4e06da9ba4961f3840,True,HBM292.MTQK.563
HBM399.TFTQ.282,4ea7a4cf1a6ff0df0cc33c1236633112,71e7e38c9d8a2f211e3ef47d7b8f3fe6,True,HBM476.ZWMS.768
HBM422.MKWK.448,0a89c78b2de4c454c6df0a6e17ff17b6,a69367866979f878635b2b665a6a7e0c,True,HBM974.RQNL.845
HBM422.MKWK.448,0a89c78b2de4c454c6df0a6e17ff17b6,a69367866979f878635b2b665a6a7e0c,True,HBM974.RQNL.845
HBM425.MSBX.963,bfa9c4267a38dd190adbaf134364e876,611d301d6755508efd91a6d924d7c400,True,HBM837.HQNL.776
HBM425.MSBX.963,bfa9c4267a38dd190adbaf134364e876,611d301d6755508efd91a6d924d7c400,True,HBM837.HQNL.776
HBM425.ZCSZ.825,d31aa4d63ee3f71965fc7bccb3ef3d02,85dcbf66b078d61015a6e1c1f971d7d8,True,HBM497.WQJW.847
HBM425.ZCSZ.825,d31aa4d63ee3f71965fc7bccb3ef3d02,85dcbf66b078d61015a6e1c1f971d7d8,True,HBM497.WQJW.847
HBM426.HLCN.236,639de42ac2f34ff8a03940b7161f1ead,813af4ad3207830e0e7b2559413028bf,True,HBM793.QCGM.999
HBM426.HLCN.236,639de42ac2f34ff8a03940b7161f1ead,813af4ad3207830e0e7b2559413028bf,True,HBM793.QCGM.999
HBM428.GPCD.698,6acf389e79b08bdd4c7f94019348868e,c40da13b509a43ba96d3a6832f79bf71,True,HBM463.SSWN.245
HBM432.BPZM.698,cd887a6beabc794992876ad7ee591f69,9fe24e50c8b8b77d86900ee4beecef69,True,HBM722.TVXP.469
HBM432.BPZM.698,cd887a6beabc794992876ad7ee591f69,323c68262eb07f786041b6253e9e83ca,True,HBM679.ZVHH.999
HBM432.BPZM.698,cd887a6beabc794992876ad7ee591f69,9fe24e50c8b8b77d86900ee4beecef69,True,HBM722.TVXP.469
HBM432.BPZM.698,cd887a6beabc794992876ad7ee591f69,323c68262eb07f786041b6253e9e83ca,True,HBM679.ZVHH.999
HBM432.RXTV.994,68e6dfa4807ca615883f73a5067115cb,9aed52d22e30b893045fd1f79b3663fb,True,HBM744.FNLN.846
HBM433.XXZF.683,4d3eb2a87cda705bde38495bb564c8dc,f90ca327ace4f28721be1c39c77d8834,True,HBM563.ZTXJ.296
HBM433.XXZF.683,4d3eb2a87cda705bde38495bb564c8dc,f90ca327ace4f28721be1c39c77d8834,True,HBM563.ZTXJ.296
HBM434.GKNQ.757,a9de37eaa11fc1aeba7845119ce3f314,9b20142483d5714c66885b690c00af4f,True,HBM776.NXCC.553
HBM434.NVPJ.787,324e4aa3c65fd6644234bbfd61b358de,eb961e5dc50239d35f5398903c64e2b9,True,HBM234.VNGB.747
HBM434.NVPJ.787,324e4aa3c65fd6644234bbfd61b358de,eb961e5dc50239d35f5398903c64e2b9,True,HBM234.VNGB.747
HBM435.WLKV.658,eea962dabda0cec78f8f909494e0e775,4608ccb9df2505ed8f3ffe02451b4a19,True,HBM886.XJSL.755
HBM442.GZFZ.522,4c5234a24a4a21ca98f74d15b3dfb4a7,f846d8a192affe8580eacd18e4e27897,True,HBM672.CMLP.763
HBM442.HSFZ.838,5db7806bf62bf80bdd9a17199d6d2b08,d1e9f509063984326570cf603c5654f2,True,HBM545.NTKZ.536
HBM442.HSFZ.838,5db7806bf62bf80bdd9a17199d6d2b08,d1e9f509063984326570cf603c5654f2,True,HBM545.NTKZ.536
HBM442.SBCR.983,d7d67aebcb007199c87fce9b7fb4ce62,76b410b314b455d86dfa098c97b8acf6,True,HBM786.HSRC.868
HBM442.SBCR.983,d7d67aebcb007199c87fce9b7fb4ce62,76b410b314b455d86dfa098c97b8acf6,True,HBM786.HSRC.868
HBM442.ZDMV.523,973b5f2ce28a818e31d6148147feb6fc,fa9a13fa6cca3c96869930f0b483b484,True,HBM986.TMMG.663
HBM442.ZDMV.523,973b5f2ce28a818e31d6148147feb6fc,fa9a13fa6cca3c96869930f0b483b484,True,HBM986.TMMG.663
HBM443.TQKQ.624,52fab90faa97ba44dfde29e1fe740f48,5d59784e70a74d4f44c729afff22668c,True,HBM244.WRXM.247
HBM443.TQKQ.624,52fab90faa97ba44dfde29e1fe740f48,5d59784e70a74d4f44c729afff22668c,True,HBM244.WRXM.247
HBM444.BXPJ.728,1e56c595c3f0e1cf126a80e00fd31c54,33c0ce043ae331ea23fc80023428e534,True,HBM475.CVXD.875
HBM444.BXPJ.728,1e56c595c3f0e1cf126a80e00fd31c54,33c0ce043ae331ea23fc80023428e534,True,HBM475.CVXD.875
HBM445.NPKW.958,6f87add44880de684e6a9a5625344bbb,aa93e53df10842c13348a334c8fe423f,True,HBM236.KSJH.889
HBM445.NPKW.958,6f87add44880de684e6a9a5625344bbb,aa93e53df10842c13348a334c8fe423f,True,HBM236.KSJH.889
HBM446.FXTJ.757,dd7adfb071228435eb2bb1699148a1de,c40da13b509a43ba96d3a6832f79bf71,True,HBM463.SSWN.245
HBM453.SZCH.656,5f13e1e3140b58650018ec44ecad720c,eb961e5dc50239d35f5398903c64e2b9,True,HBM234.VNGB.747
HBM453.SZCH.656,5f13e1e3140b58650018ec44ecad720c,eb961e5dc50239d35f5398903c64e2b9,True,HBM234.VNGB.747
HBM458.TNQX.264,5675bd912880943c5d1a685689583ab2,18b8ab61674cf05024456cde49ac67bb,True,HBM982.WTGZ.866
HBM459.BBRT.432,ae97b76308cc66379e3cab55ca3c86ad,704d16116f29994ab0e714f4afdb5516,True,HBM479.GMDK.586
HBM459.BBRT.432,ae97b76308cc66379e3cab55ca3c86ad,704d16116f29994ab0e714f4afdb5516,True,HBM479.GMDK.586
HBM462.BPNZ.799,63c9ad59d1db51551989d7dabd36dea9,f90ca327ace4f28721be1c39c77d8834,True,HBM563.ZTXJ.296
HBM462.BPNZ.799,63c9ad59d1db51551989d7dabd36dea9,f90ca327ace4f28721be1c39c77d8834,True,HBM563.ZTXJ.296
HBM464.RSZW.375,413402fca1843c88670022fd9b68ff7e,7b4d9ca7452ea1303ecca268db1fccba,True,HBM683.HTPN.257
HBM466.RBPX.375,d90737b6f1563e164f8a30b4315205a0,c40da13b509a43ba96d3a6832f79bf71,True,HBM463.SSWN.245
HBM469.MJBC.894,5a7c5763aebc834b79aefd375bef42df,2dc005024c64b82e95e6e69d56407c0e,True,HBM729.RCXL.887
HBM469.MJBC.894,5a7c5763aebc834b79aefd375bef42df,2dc005024c64b82e95e6e69d56407c0e,True,HBM729.RCXL.887
HBM473.NKMR.872,b6426e91da0b8406ad86d294e5109130,5018361bf80fb257d39cea6f4425bbae,True,HBM932.BBFB.974
HBM475.LXDL.227,0736735768692d6ca0cd96149b743be1,5d111a1db2f18d507d23e79b993e1e4a,True,HBM749.MTJC.865
HBM475.NWHG.922,b4a975cb708bf442ceeb4ad2377024f4,ee6e44b3e6cb77ef1806e722390a01a8,True,HBM364.ZLDR.283
HBM476.PRMC.228,34e7063ba681c9218a2566c3659abd26,7b15d0833426852e59a08f6c6a75f4d8,True,HBM826.VZFT.824
HBM476.PRMC.228,34e7063ba681c9218a2566c3659abd26,7b15d0833426852e59a08f6c6a75f4d8,True,HBM826.VZFT.824
HBM477.SGMX.842,4318b88da67256edae9fd876b5111e4a,bbcad31a55b1710dd5f889be8f63b62b,True,HBM747.TCHW.829
HBM477.SGMX.842,4318b88da67256edae9fd876b5111e4a,bbcad31a55b1710dd5f889be8f63b62b,True,HBM747.TCHW.829
HBM479.RDNW.482,f4333f83c8aadb7ea132844e7d0097fb,eb961e5dc50239d35f5398903c64e2b9,True,HBM234.VNGB.747
HBM479.RDNW.482,f4333f83c8aadb7ea132844e7d0097fb,eb961e5dc50239d35f5398903c64e2b9,True,HBM234.VNGB.747
HBM484.RGWP.797,b6773910c8802ec2c42df963666b556e,a483dd481580fd0dfc3e5aa00426ab58,True,HBM473.MBSD.344
HBM488.CHLD.467,0dad96d381eab1a598b76038385e593f,a95f2c79bb637141f7e6874eddc8e274,True,HBM436.XFFT.833
HBM488.CHLD.467,0dad96d381eab1a598b76038385e593f,a95f2c79bb637141f7e6874eddc8e274,True,HBM436.XFFT.833
HBM495.KSXC.638,76584f2fe8e8ec215d78b83296461bbf,dd3e6da115fd13eee62d9a4fba2324ae,True,HBM947.GLGL.465
HBM495.KSXC.638,76584f2fe8e8ec215d78b83296461bbf,dd3e6da115fd13eee62d9a4fba2324ae,True,HBM947.GLGL.465
HBM522.LXLF.753,b7227f0ddb99ee5aaa3aec9d48d10a83,a69367866979f878635b2b665a6a7e0c,True,HBM974.RQNL.845
HBM522.LXLF.753,b7227f0ddb99ee5aaa3aec9d48d10a83,a69367866979f878635b2b665a6a7e0c,True,HBM974.RQNL.845
HBM523.FKWF.269,eb7483e17dc656d065ed2c1595663998,33c0ce043ae331ea23fc80023428e534,True,HBM475.CVXD.875
HBM523.FKWF.269,eb7483e17dc656d065ed2c1595663998,33c0ce043ae331ea23fc80023428e534,True,HBM475.CVXD.875
HBM526.VJKT.388,3fe18ec025f612ca2c5308d4c234da50,faa1acc13943ee9d365b6cc6a3ea889f,True,HBM223.JQLM.452
HBM527.PTXH.326,4e1fd30d374f3e8987b32b71bfae5949,cd3cd77eec0fc514b236597aee14c508,True,HBM735.LGHG.837
HBM532.DJRB.464,83886790424cd10f6b50159ef50555ed,dd3e6da115fd13eee62d9a4fba2324ae,True,HBM947.GLGL.465
HBM532.DJRB.464,83886790424cd10f6b50159ef50555ed,dd3e6da115fd13eee62d9a4fba2324ae,True,HBM947.GLGL.465
HBM532.ZJRQ.263,b4ed22922fe9efcc68bb656da04052cb,bb10cd1926335fb8fb20bfc041337681,True,HBM985.FGTN.537
HBM534.ZLFK.677,f5e37d024e028f1beae9d384630b8107,85dcbf66b078d61015a6e1c1f971d7d8,True,HBM497.WQJW.847
HBM534.ZLFK.677,f5e37d024e028f1beae9d384630b8107,85dcbf66b078d61015a6e1c1f971d7d8,True,HBM497.WQJW.847
HBM535.XQDS.238,03e1ae44e4c4a92ded0c1960336b83af,85dcbf66b078d61015a6e1c1f971d7d8,True,HBM497.WQJW.847
HBM535.XQDS.238,03e1ae44e4c4a92ded0c1960336b83af,85dcbf66b078d61015a6e1c1f971d7d8,True,HBM497.WQJW.847
HBM537.LTFK.379,69a0ada10f4f119f99ce5f66cf3b1a94,e375a44f5cf5457c8f9b1132574c2436,True,HBM683.HJQF.753
HBM537.LTFK.379,69a0ada10f4f119f99ce5f66cf3b1a94,8f27d93b71147597f38de827f233930e,True,HBM356.QPJF.839
HBM539.HMRR.435,670885433c560930ba4d39eed22db604,6204c98529c482e1bb3816559775dc54,True,HBM422.QWBK.454
HBM539.MKQD.956,6ae8dd70fa2de19016fcb9c81afc11c7,d8ec264c4660ef7053764f71ae1789d0,True,HBM449.JXLG.799
HBM542.DVXG.466,8e549f307987dbb78a5c974adf4c778d,8b205b7d32b404e39106405cfc0beaad,True,HBM272.FWMV.423
HBM542.DVXG.466,8e549f307987dbb78a5c974adf4c778d,8b205b7d32b404e39106405cfc0beaad,True,HBM272.FWMV.423
HBM545.PQSZ.997,ad5c82405456343b3babecc86ec42afc,2f9777369594ff09a82bd51f6251ed83,True,HBM688.LGBS.644
HBM545.PQSZ.997,ad5c82405456343b3babecc86ec42afc,2f9777369594ff09a82bd51f6251ed83,True,HBM688.LGBS.644
HBM545.VTQM.594,d2514a9f220952cf2dd75796206eeb11,bbcad31a55b1710dd5f889be8f63b62b,True,HBM747.TCHW.829
HBM545.VTQM.594,d2514a9f220952cf2dd75796206eeb11,bbcad31a55b1710dd5f889be8f63b62b,True,HBM747.TCHW.829
HBM548.WNVT.322,b2edd3796b6ee0e0d3af9c12646e1120,8c5e705001d5cc1c40dbd963ad848486,True,HBM745.HTBD.332
HBM548.WNVT.322,b2edd3796b6ee0e0d3af9c12646e1120,8c5e705001d5cc1c40dbd963ad848486,True,HBM745.HTBD.332
HBM549.VSNH.445,434243c3ccff2face69c37fe86d53b4f,fa9a13fa6cca3c96869930f0b483b484,True,HBM986.TMMG.663
HBM549.VSNH.445,434243c3ccff2face69c37fe86d53b4f,fa9a13fa6cca3c96869930f0b483b484,True,HBM986.TMMG.663
HBM553.MNTQ.265,01160f557b3544a163184137530ededf,4608ccb9df2505ed8f3ffe02451b4a19,True,HBM886.XJSL.755
HBM557.KNTT.394,1f03636598bfb7d3bb0bfccf0a252e36,85fa094cbdb29173e0a3463dce0790fc,True,HBM267.GLTT.762
HBM558.LPPJ.448,00f1fbb3ecfcaaf4d8d54a7866b0fcad,0219f5ba7743f0fc59d027eb23c5187d,True,HBM598.XDNT.535
HBM562.WZFC.994,21fe1cf97052ee3d986b5ccb4e8efe86,a69367866979f878635b2b665a6a7e0c,True,HBM974.RQNL.845
HBM562.WZFC.994,21fe1cf97052ee3d986b5ccb4e8efe86,a69367866979f878635b2b665a6a7e0c,True,HBM974.RQNL.845
HBM572.JLDL.664,180dd06ae35a0fc771f0afe5deefcf23,79022070eab3517655e57a85b2438e7a,True,HBM494.MQQL.234
HBM572.JLDL.664,180dd06ae35a0fc771f0afe5deefcf23,79022070eab3517655e57a85b2438e7a,True,HBM494.MQQL.234
HBM572.QTTV.726,d2f1ba23eddf1484f4a794444a6536ee,4608ccb9df2505ed8f3ffe02451b4a19,True,HBM886.XJSL.755
HBM574.NFCS.842,ec88a6b161dce97a2361b1479c69a036,aaedb5272190e61bf557d3b0a1bc591f,True,HBM988.XDFD.773
HBM574.NFCS.842,ec88a6b161dce97a2361b1479c69a036,8d6cb8fe53f4e885ffae4a09d1207d1b,True,HBM752.ZRBH.538
HBM575.XFCT.276,421007293469db7b528ce6478c00348d,dd3e6da115fd13eee62d9a4fba2324ae,True,HBM947.GLGL.465
HBM575.XFCT.276,421007293469db7b528ce6478c00348d,dd3e6da115fd13eee62d9a4fba2324ae,True,HBM947.GLGL.465
HBM578.SRZG.769,06ff98c01295ca5ea504a676f73f9a09,42ab155ddff1d33fe1c505c067828614,True,HBM322.XJQZ.894
HBM578.SRZG.769,06ff98c01295ca5ea504a676f73f9a09,fc5560162deab57641085cdf8bcdfe87,True,HBM892.HQDK.764
HBM578.SRZG.769,06ff98c01295ca5ea504a676f73f9a09,42ab155ddff1d33fe1c505c067828614,True,HBM322.XJQZ.894
HBM578.SRZG.769,06ff98c01295ca5ea504a676f73f9a09,fc5560162deab57641085cdf8bcdfe87,True,HBM892.HQDK.764
HBM578.ZCCJ.565,a8652e9e3c545e61e1ffe9d54a8f1fd2,ed630484e46ea49b319c0e1f92140059,True,HBM282.NSXR.732
HBM582.WWWJ.738,344179be08a7ec69aeaf28af0f1f8851,8f127a10d370ddfbc902313f248721c3,True,HBM959.ZJFG.362
HBM584.CZDB.483,2f7fd2a7aeb375ea5ec0ea0e74a82d85,0b1017f6a9d71c4e75125e7144b62795,True,HBM396.MZGH.625
HBM584.ZTDX.845,f21984fb4a908c1adfa921fbcaca8788,d1e9f509063984326570cf603c5654f2,True,HBM545.NTKZ.536
HBM584.ZTDX.845,f21984fb4a908c1adfa921fbcaca8788,d1e9f509063984326570cf603c5654f2,True,HBM545.NTKZ.536
HBM585.GLSD.853,1ee969676fc2b7081e6d4c6db6eccd74,85fa094cbdb29173e0a3463dce0790fc,True,HBM267.GLTT.762
HBM587.JPLF.798,d97b9b0aa1c0c6929d0db414e1d67825,7479e6dbfa3b3a8e1e2d4f78cbe0f9e4,True,HBM443.VNQV.892
HBM587.JPLF.798,d97b9b0aa1c0c6929d0db414e1d67825,7479e6dbfa3b3a8e1e2d4f78cbe0f9e4,True,HBM443.VNQV.892
HBM625.MGXD.586,811f5f5929e4ccb954817512b5322cf3,f4f6e6614dd5645a37eae9dee1d6bbef,True,HBM859.PCRV.548
HBM625.PTSS.252,394852db8fe78f70865b881d5ad40f45,26e1f2991c6f67fa10e9670f1bc0da6a,True,HBM276.ZCGM.239
HBM635.DQXB.362,f3c71aa5a83d255ac8dfd77601e24242,7199675050ce69bc8c4812005ff086f9,True,HBM376.VKWW.936
HBM644.GBKD.967,670135e38ac4107e0d07dae1bdcf4936,aa93e53df10842c13348a334c8fe423f,True,HBM236.KSJH.889
HBM644.GBKD.967,670135e38ac4107e0d07dae1bdcf4936,aa93e53df10842c13348a334c8fe423f,True,HBM236.KSJH.889
HBM645.XLLN.924,a44a78bfbe0e702cdc172707b6061a16,8b65acdfecc504e9a96c84643c3ab02c,True,HBM599.WCGN.978
HBM656.KZXP.658,2100db577dfa010580c35518472e0e7f,8c5e705001d5cc1c40dbd963ad848486,True,HBM745.HTBD.332
HBM656.KZXP.658,2100db577dfa010580c35518472e0e7f,8c5e705001d5cc1c40dbd963ad848486,True,HBM745.HTBD.332
HBM658.SBTV.949,a0810df5aa077448298477f9877984b5,e7abfa80618f6dffe82267a6ea144c5a,True,HBM646.LJJQ.322
HBM659.MPZT.644,1bb63db033b3f7206a4d8c4ac4db1564,f7a8e78dea9cf70735059e8b4a179701,True,HBM475.FWNZ.942
HBM659.WFXT.729,a4477ee85ea420ae82b892ae936b43c4,9457860c1b69f7ec3e51a6b648eabf13,True,HBM993.ZNNJ.876
HBM659.WFXT.729,a4477ee85ea420ae82b892ae936b43c4,9457860c1b69f7ec3e51a6b648eabf13,True,HBM993.ZNNJ.876
HBM667.ZCQC.777,e75d8b31cfdc5f412d3cdbc2441dc352,c6bb00096b0cf40751f9d6003fb730c7,True,HBM943.DFKN.947
HBM668.RQWZ.595,1755c89573c4b5839396402b7e007d3f,98fd7493f62883b748e0f37885be0f07,True,HBM742.LPKN.865
HBM673.WGZS.593,fa18feb84ec1c2fd66286ac47da24b9c,5d59784e70a74d4f44c729afff22668c,True,HBM244.WRXM.247
HBM673.WGZS.593,fa18feb84ec1c2fd66286ac47da24b9c,5d59784e70a74d4f44c729afff22668c,True,HBM244.WRXM.247
HBM677.TRKR.869,1c9310ad74bdebc6983fb1bda3dcaa6e,eb961e5dc50239d35f5398903c64e2b9,True,HBM234.VNGB.747
HBM677.TRKR.869,1c9310ad74bdebc6983fb1bda3dcaa6e,eb961e5dc50239d35f5398903c64e2b9,True,HBM234.VNGB.747
HBM678.FRJC.827,45aadbf99c097775e6004a978b5a731b,33c0ce043ae331ea23fc80023428e534,True,HBM475.CVXD.875
HBM678.FRJC.827,45aadbf99c097775e6004a978b5a731b,33c0ce043ae331ea23fc80023428e534,True,HBM475.CVXD.875
HBM683.DSMM.562,33874bc3c95b6b41cbc387d2826d88eb,d1e9f509063984326570cf603c5654f2,True,HBM545.NTKZ.536
HBM683.DSMM.562,33874bc3c95b6b41cbc387d2826d88eb,d1e9f509063984326570cf603c5654f2,True,HBM545.NTKZ.536
HBM684.LRVL.722,d34eb3a317ac17d6f01b958cb2276793,bbcad31a55b1710dd5f889be8f63b62b,True,HBM747.TCHW.829
HBM684.LRVL.722,d34eb3a317ac17d6f01b958cb2276793,bbcad31a55b1710dd5f889be8f63b62b,True,HBM747.TCHW.829
HBM685.XWPB.694,94bf99bf1a1220192fee134a616ddee2,020117a381ac84a941c974b939ea3115,True,HBM973.QSHL.593
HBM687.DTXP.559,b8f2f968030b16280a77795a6babaf16,d8ec264c4660ef7053764f71ae1789d0,True,HBM449.JXLG.799
HBM687.FWNC.555,e16384faf175ed7196aa262f5c602275,a8560706a0a6bcffd974ed4dd8082571,True,HBM745.XMRR.874
HBM687.FWNC.555,e16384faf175ed7196aa262f5c602275,a8560706a0a6bcffd974ed4dd8082571,True,HBM745.XMRR.874
HBM687.SQJV.939,3b9e41fa2326a845871cd20b35efb0c0,f90ca327ace4f28721be1c39c77d8834,True,HBM563.ZTXJ.296
HBM687.SQJV.939,3b9e41fa2326a845871cd20b35efb0c0,f90ca327ace4f28721be1c39c77d8834,True,HBM563.ZTXJ.296
HBM689.QPMR.542,ccab7ac016bef55c42e1a99d28a95546,dd9c7ba448d249b4d8d99e444c592c54,True,HBM297.TTGF.282
HBM689.QPMR.542,ccab7ac016bef55c42e1a99d28a95546,dd9c7ba448d249b4d8d99e444c592c54,True,HBM297.TTGF.282
HBM692.WWJD.963,500af39b83bfa9eb27f78746734f3db9,f7a8e78dea9cf70735059e8b4a179701,True,HBM475.FWNZ.942
HBM693.ZRQJ.667,88a335560ab0bc16c7d63c01d6480f3d,84db9a72aba9ae0ef740192ad8747ee3,True,HBM634.GHKQ.553
HBM694.QMLR.738,4e54c868cca02be3a0538b03c1909c3d,f90ca327ace4f28721be1c39c77d8834,True,HBM563.ZTXJ.296
HBM694.QMLR.738,4e54c868cca02be3a0538b03c1909c3d,f90ca327ace4f28721be1c39c77d8834,True,HBM563.ZTXJ.296
HBM694.TNFF.778,8aedc8552f5f7d9d8482a1f98755e394,93204c7af92f0bad431735d7c9c9185a,True,HBM584.JCQV.788
HBM694.TNFF.778,8aedc8552f5f7d9d8482a1f98755e394,93204c7af92f0bad431735d7c9c9185a,True,HBM584.JCQV.788
HBM695.CKJX.997,9efdc2b203c54baad4e7c5cd99b77160,9457860c1b69f7ec3e51a6b648eabf13,True,HBM993.ZNNJ.876
HBM695.CKJX.997,9efdc2b203c54baad4e7c5cd99b77160,9457860c1b69f7ec3e51a6b648eabf13,True,HBM993.ZNNJ.876
HBM695.VNZJ.522,065295e6e58b1d3555a261c1bfe3b3fe,b340bb5715f967aa74d1b8eaeec0d475,True,HBM247.BVLS.599
HBM695.XTNF.836,19be408fb97c09f603c906921d7b0945,ac1d4544ab4886b851f74b2c21952378,True,HBM339.FPMK.994
HBM695.XTNF.836,19be408fb97c09f603c906921d7b0945,ac1d4544ab4886b851f74b2c21952378,True,HBM339.FPMK.994
HBM697.XSHN.426,21cfe966008f784c47d0638e80b55ee0,f7a8e78dea9cf70735059e8b4a179701,True,HBM475.FWNZ.942
HBM699.NGDQ.539,155da15afc9978b62d64bf0801d025dc,bbcad31a55b1710dd5f889be8f63b62b,True,HBM747.TCHW.829
HBM699.NGDQ.539,155da15afc9978b62d64bf0801d025dc,bbcad31a55b1710dd5f889be8f63b62b,True,HBM747.TCHW.829
HBM722.TLKZ.444,d5ee243308d5ea913389c5b53c74e8f0,7e7d753ec5074f5d7ae987c47f1c3c0b,True,HBM388.KTQN.265
HBM723.QMLJ.829,b2d42d1143a168014996df6d07d5bdf8,704d16116f29994ab0e714f4afdb5516,True,HBM479.GMDK.586
HBM723.QMLJ.829,b2d42d1143a168014996df6d07d5bdf8,704d16116f29994ab0e714f4afdb5516,True,HBM479.GMDK.586
HBM724.RVJD.893,ce9355bc05cd0244041e0440469992a8,5ee0b172de3ea493e0da2e7f743b3631,True,HBM799.KLCD.699
HBM725.BRBB.566,fa3f5482e3502d7d5d86c61157ee6a7a,5d59784e70a74d4f44c729afff22668c,True,HBM244.WRXM.247
HBM725.BRBB.566,fa3f5482e3502d7d5d86c61157ee6a7a,5d59784e70a74d4f44c729afff22668c,True,HBM244.WRXM.247
HBM725.NLKP.539,e9ea23ec5a0dbf788fc66ecea4441550,969b81f6dfbc0ed1fc21b00e2997d441,True,HBM675.BNXN.855
HBM725.RHWH.487,4b0a0671bad77bc469ae000a66535f31,b1ac71625c1aba9d819fae1725c27a42,True,HBM573.MWDW.928
HBM727.FSWS.736,b187c76ccb333ec1c347cbc217c09ad5,a69367866979f878635b2b665a6a7e0c,True,HBM974.RQNL.845
HBM727.FSWS.736,b187c76ccb333ec1c347cbc217c09ad5,a69367866979f878635b2b665a6a7e0c,True,HBM974.RQNL.845
HBM729.HSHS.983,3a0a396f8972113cc393169a9f8e5696,aeb2f6902721eb8c7d44c1c3669c640c,True,HBM884.TGCL.432
HBM729.HSHS.983,3a0a396f8972113cc393169a9f8e5696,aeb2f6902721eb8c7d44c1c3669c640c,True,HBM884.TGCL.432
HBM729.KJWJ.742,055944e2ee7579974aa7a2a11dff5637,a95f2c79bb637141f7e6874eddc8e274,True,HBM436.XFFT.833
HBM729.KJWJ.742,055944e2ee7579974aa7a2a11dff5637,a95f2c79bb637141f7e6874eddc8e274,True,HBM436.XFFT.833
HBM729.TFXC.825,f31df7345e5d56154ba469c6d5c477b3,a4fe3e811e2bfc795dbbb133f6b6a8a4,True,HBM275.PDRR.759
HBM729.TFXC.825,f31df7345e5d56154ba469c6d5c477b3,a4fe3e811e2bfc795dbbb133f6b6a8a4,True,HBM275.PDRR.759
HBM733.GBWP.269,85c24a9f09f198de788e4ec2afe37f29,897c8d98e62b782b81f4b1bbf85e49bc,True,HBM879.RZJJ.974
HBM733.GBWP.269,85c24a9f09f198de788e4ec2afe37f29,897c8d98e62b782b81f4b1bbf85e49bc,True,HBM879.RZJJ.974
HBM734.DSQM.939,8b3db0f2c19af6ab7f5a9b3afbec9c23,6c8b810d8727dfc1dba7774a26d885a5,True,HBM987.ZCTQ.736
HBM734.DSQM.939,8b3db0f2c19af6ab7f5a9b3afbec9c23,6c8b810d8727dfc1dba7774a26d885a5,True,HBM987.ZCTQ.736
HBM734.NTJP.672,9186e3ea01394e87058709a57c16189d,34dc58df212563c90d9d86782f4209ba,True,HBM375.WFJK.667
HBM734.NTJP.672,9186e3ea01394e87058709a57c16189d,34dc58df212563c90d9d86782f4209ba,True,HBM375.WFJK.667
HBM735.LWRH.779,c391f9351952a3eb3ce4b68b39f12970,85fa094cbdb29173e0a3463dce0790fc,True,HBM267.GLTT.762
HBM737.WSXM.893,e0148e8a78bd489d9d86c7906c184920,21043afd6be7ec258f8a9fa1577c41b5,True,HBM255.QMNS.733
HBM742.GTJJ.334,053eeb782b81f78b5e41802dfe859cdb,8c5e705001d5cc1c40dbd963ad848486,True,HBM745.HTBD.332
HBM742.GTJJ.334,053eeb782b81f78b5e41802dfe859cdb,8c5e705001d5cc1c40dbd963ad848486,True,HBM745.HTBD.332
HBM744.MBPT.666,de80a443ed15e1f783c68d5e0b2d7216,aa93e53df10842c13348a334c8fe423f,True,HBM236.KSJH.889
HBM744.MBPT.666,de80a443ed15e1f783c68d5e0b2d7216,aa93e53df10842c13348a334c8fe423f,True,HBM236.KSJH.889
HBM746.WTMD.298,e9e74364d8d9eeaba7a7f094d33c0a66,293d9f9a1a076c616ed91d7251ec831c,True,HBM395.WSDD.355
HBM747.WJZS.473,dd21322b70f989119896aafc756ad46d,93e233e001463fea35d8617c34da098c,True,HBM737.XJJK.835
HBM756.GZSH.268,07975e1e99bcd25fef9e6c72c46a8922,fa9a13fa6cca3c96869930f0b483b484,True,HBM986.TMMG.663
HBM756.GZSH.268,07975e1e99bcd25fef9e6c72c46a8922,fa9a13fa6cca3c96869930f0b483b484,True,HBM986.TMMG.663
HBM757.DZKS.993,838a481d4970d865de933429868a06bc,d8ec264c4660ef7053764f71ae1789d0,True,HBM449.JXLG.799
HBM757.RLFF.943,fdacb21245e14fd126bfce05ae191857,5e47d518f078be2553080b88d8b33323,True,HBM588.VDDL.553
HBM759.FHWP.826,d7204812ade29562397bb60c99216794,85dcbf66b078d61015a6e1c1f971d7d8,True,HBM497.WQJW.847
HBM759.FHWP.826,d7204812ade29562397bb60c99216794,85dcbf66b078d61015a6e1c1f971d7d8,True,HBM497.WQJW.847
HBM759.ZKDS.894,ffc1e88d31396f5bd8a0b66729584e1d,8c5e705001d5cc1c40dbd963ad848486,True,HBM745.HTBD.332
HBM759.ZKDS.894,ffc1e88d31396f5bd8a0b66729584e1d,8c5e705001d5cc1c40dbd963ad848486,True,HBM745.HTBD.332
HBM764.ZCQR.585,99c5c80509be87d2356d19a9ed8b22ff,1197c73d127193dd493ff542890a3d3d,True,HBM398.JQZB.348
HBM764.ZCQR.585,99c5c80509be87d2356d19a9ed8b22ff,142389945aef42b17d85cbd7bee073fd,True,HBM243.TTRM.823
HBM766.PSCS.545,df7b5c077c2fc442f56d8667fe8ea37c,9457860c1b69f7ec3e51a6b648eabf13,True,HBM993.ZNNJ.876
HBM766.PSCS.545,df7b5c077c2fc442f56d8667fe8ea37c,9457860c1b69f7ec3e51a6b648eabf13,True,HBM993.ZNNJ.876
HBM769.BDBL.437,a8b5f09ae183be8731349bbb72a55a4f,293d9f9a1a076c616ed91d7251ec831c,True,HBM395.WSDD.355
HBM769.JMPX.755,2134f530b39671bd120cd85731d51fc0,ec7cffb518a4a21025dc213ee1a27ff0,True,HBM499.LKRN.573
HBM769.NLGR.528,015ee234392256bfdb315299622ccb87,bbcad31a55b1710dd5f889be8f63b62b,True,HBM747.TCHW.829
HBM769.NLGR.528,015ee234392256bfdb315299622ccb87,bbcad31a55b1710dd5f889be8f63b62b,True,HBM747.TCHW.829
HBM773.WCXC.264,0487454555924b54dd3f5b5232e3c77e,c05a38c5210b870281b5aea01e290339,True,HBM268.RGJT.587
HBM773.WCXC.264,0487454555924b54dd3f5b5232e3c77e,c05a38c5210b870281b5aea01e290339,True,HBM268.RGJT.587
HBM775.HGSK.536,c7038c10b1766e639ce263d5a177e5fd,5d59784e70a74d4f44c729afff22668c,True,HBM244.WRXM.247
HBM775.HGSK.536,c7038c10b1766e639ce263d5a177e5fd,5d59784e70a74d4f44c729afff22668c,True,HBM244.WRXM.247
HBM775.RVQX.376,9f08125dfdae4906881b62479471d65a,7479e6dbfa3b3a8e1e2d4f78cbe0f9e4,True,HBM443.VNQV.892
HBM775.RVQX.376,9f08125dfdae4906881b62479471d65a,7479e6dbfa3b3a8e1e2d4f78cbe0f9e4,True,HBM443.VNQV.892
HBM777.SVZT.454,9b64312cac3c359e0fef53555057c996,ac1d4544ab4886b851f74b2c21952378,True,HBM339.FPMK.994
HBM777.SVZT.454,9b64312cac3c359e0fef53555057c996,ac1d4544ab4886b851f74b2c21952378,True,HBM339.FPMK.994
HBM788.QGNW.253,19274e67c639a003ffe17953fd6b55db,d171ff8d83f707ecca64ff159c7160a7,True,HBM739.ZDLB.526
HBM788.XLZL.369,fdf26c991b398a26be1354543e54af23,2d3dbd5e5a3d9d5cfc7a46f06815a4eb,True,HBM364.XLVH.839
HBM788.XWPV.347,d990c4d6e981affd9ea3411f436ff09c,d1e9f509063984326570cf603c5654f2,True,HBM545.NTKZ.536
HBM788.XWPV.347,d990c4d6e981affd9ea3411f436ff09c,d1e9f509063984326570cf603c5654f2,True,HBM545.NTKZ.536
HBM793.TLPP.486,43f83f08bedac2bc4d58767362dfebe2,a95f2c79bb637141f7e6874eddc8e274,True,HBM436.XFFT.833
HBM793.TLPP.486,43f83f08bedac2bc4d58767362dfebe2,a95f2c79bb637141f7e6874eddc8e274,True,HBM436.XFFT.833
HBM793.VKVL.982,f70d71db827901040b76926a9116bcb2,c429e51920537c11fa91d1bc69085c1d,True,HBM843.QHNR.854
HBM793.VKVL.982,f70d71db827901040b76926a9116bcb2,c429e51920537c11fa91d1bc69085c1d,True,HBM843.QHNR.854
HBM794.ZFKH.622,42221548e4c709628522b64d48ba0a75,fa9a13fa6cca3c96869930f0b483b484,True,HBM986.TMMG.663
HBM794.ZFKH.622,42221548e4c709628522b64d48ba0a75,fa9a13fa6cca3c96869930f0b483b484,True,HBM986.TMMG.663
HBM797.PDPS.368,1b83223cf1f4446c625adbfb375ab3fd,739184f7ec84d93a35360cde81cc026c,True,HBM525.SJRT.585
HBM797.PDPS.368,1b83223cf1f4446c625adbfb375ab3fd,4a4c98d9dd27afd652cdab74f9952bf1,True,HBM837.TDQQ.538
HBM797.PDPS.368,1b83223cf1f4446c625adbfb375ab3fd,739184f7ec84d93a35360cde81cc026c,True,HBM525.SJRT.585
HBM797.PDPS.368,1b83223cf1f4446c625adbfb375ab3fd,4a4c98d9dd27afd652cdab74f9952bf1,True,HBM837.TDQQ.538
HBM822.JFNB.664,96c782b502cdb23122b2e7fb376d949d,84db9a72aba9ae0ef740192ad8747ee3,True,HBM634.GHKQ.553
HBM822.JFXK.683,6d0fb7332754d87825bcbecd61426dad,e855a116375f67684fb25be9600e455b,True,HBM968.CQKK.258
HBM826.RGXW.276,24eaa9730abe57c1c22f74573b846a6f,91cfb45f5d398e950ed65786c87f4372,True,HBM226.HRTZ.874
HBM826.RGXW.276,24eaa9730abe57c1c22f74573b846a6f,91d725656c8439a58d92ccadc01465bf,True,HBM994.XRGN.328
HBM826.RGXW.276,24eaa9730abe57c1c22f74573b846a6f,91cfb45f5d398e950ed65786c87f4372,True,HBM226.HRTZ.874
HBM826.RGXW.276,24eaa9730abe57c1c22f74573b846a6f,91d725656c8439a58d92ccadc01465bf,True,HBM994.XRGN.328
HBM827.NQQL.854,80cc88eb3a067051d4cb0d810b7bde3f,dc005f938f6a87d57d4150bcd5a12c92,True,HBM378.GFTQ.237
HBM833.HFSG.364,80de47fcd4ddb11de36af71dfdfa7b90,8c5e705001d5cc1c40dbd963ad848486,True,HBM745.HTBD.332
HBM833.HFSG.364,80de47fcd4ddb11de36af71dfdfa7b90,8c5e705001d5cc1c40dbd963ad848486,True,HBM745.HTBD.332
HBM834.MLPZ.788,7059a2640939695ca30fd80370465507,6b19b8025b7928aa2eb3c43c00955b93,True,HBM244.FRPJ.636
HBM834.MLPZ.788,7059a2640939695ca30fd80370465507,6b19b8025b7928aa2eb3c43c00955b93,True,HBM244.FRPJ.636
HBM834.TDFD.294,bbe9f1a95a61f32656ed4452fed9d424,33c0ce043ae331ea23fc80023428e534,True,HBM475.CVXD.875
HBM834.TDFD.294,bbe9f1a95a61f32656ed4452fed9d424,33c0ce043ae331ea23fc80023428e534,True,HBM475.CVXD.875
HBM835.CLRW.587,bb3a9e86f6ccd6829a20960545f3ad9b,8cc6af72f27be7b6406547c64bbb2637,True,HBM944.XPFX.655
HBM835.CLRW.587,bb3a9e86f6ccd6829a20960545f3ad9b,8cc6af72f27be7b6406547c64bbb2637,True,HBM944.XPFX.655
HBM836.FPBQ.686,a828f46ccc3886bbf7a55a064bb36162,cb75fa61840081ea61c83bd9d76c7061,True,HBM742.PSCP.565
HBM836.FPBQ.686,a828f46ccc3886bbf7a55a064bb36162,cb75fa61840081ea61c83bd9d76c7061,True,HBM742.PSCP.565
HBM836.SCTK.396,9c059f193bb4db45250e3b5eb303eaf4,eb961e5dc50239d35f5398903c64e2b9,True,HBM234.VNGB.747
HBM836.SCTK.396,9c059f193bb4db45250e3b5eb303eaf4,eb961e5dc50239d35f5398903c64e2b9,True,HBM234.VNGB.747
HBM837.RZPL.332,1e002a7b641312095138750498a541de,fa9a13fa6cca3c96869930f0b483b484,True,HBM986.TMMG.663
HBM837.RZPL.332,1e002a7b641312095138750498a541de,fa9a13fa6cca3c96869930f0b483b484,True,HBM986.TMMG.663
HBM839.TQNM.958,46e8ffd2350efd19f771c6fb6a51f6cc,59249f23ecdcc975c90de9a1956a5285,True,HBM879.SGNW.944
HBM839.TQNM.958,46e8ffd2350efd19f771c6fb6a51f6cc,2fddd5c64171027565fa163280b1652a,True,HBM932.TBDW.952
HBM839.TQNM.958,46e8ffd2350efd19f771c6fb6a51f6cc,59249f23ecdcc975c90de9a1956a5285,True,HBM879.SGNW.944
HBM839.TQNM.958,46e8ffd2350efd19f771c6fb6a51f6cc,2fddd5c64171027565fa163280b1652a,True,HBM932.TBDW.952
HBM846.GQRK.362,8464b72f60b42590266834f9049055f4,84db9a72aba9ae0ef740192ad8747ee3,True,HBM634.GHKQ.553
HBM846.NMQR.693,ee14de43eba29d0c55481a998bc3e4e1,ee6e44b3e6cb77ef1806e722390a01a8,True,HBM364.ZLDR.283
HBM846.WXJK.587,a36cbc166280d04c3701509b2bb11c8a,a2b20bdf8e9602ea775a84cbb10472d3,True,HBM254.SXWG.373
HBM846.WXJK.587,a36cbc166280d04c3701509b2bb11c8a,a2b20bdf8e9602ea775a84cbb10472d3,True,HBM254.SXWG.373
HBM848.DKKR.789,79e94dcf00267a0fe71e88c7d1e8d3c8,eb961e5dc50239d35f5398903c64e2b9,True,HBM234.VNGB.747
HBM848.DKKR.789,79e94dcf00267a0fe71e88c7d1e8d3c8,eb961e5dc50239d35f5398903c64e2b9,True,HBM234.VNGB.747
HBM849.TWBF.722,d612208512d1c476a5efe00dde83f97e,fd57a928d9f3cee7e95d284f1d5b9935,True,HBM563.ZTQV.233
HBM852.VSBC.572,efe5894cd09b0a411ecfe46749e6db73,dd3e6da115fd13eee62d9a4fba2324ae,True,HBM947.GLGL.465
HBM852.VSBC.572,efe5894cd09b0a411ecfe46749e6db73,dd3e6da115fd13eee62d9a4fba2324ae,True,HBM947.GLGL.465
HBM853.GWTP.895,c858b21d7bbfbe4e73d9f72c2c719c62,a95f2c79bb637141f7e6874eddc8e274,True,HBM436.XFFT.833
HBM853.GWTP.895,c858b21d7bbfbe4e73d9f72c2c719c62,a95f2c79bb637141f7e6874eddc8e274,True,HBM436.XFFT.833
HBM853.XQFP.642,d68eb55a484036b3575043bdecd64a52,d171ff8d83f707ecca64ff159c7160a7,True,HBM739.ZDLB.526
HBM854.GCMW.458,a522097fdfebd6da968fadaf63e8fe55,a2268636667d51ce05ddea2451621434,True,HBM372.TFNT.572
HBM854.GCMW.458,a522097fdfebd6da968fadaf63e8fe55,a2268636667d51ce05ddea2451621434,True,HBM372.TFNT.572
HBM854.LQKL.226,9b048a63ac274e36942d49961c330b76,d0f164331f53f745cfa3e67bf3feb22d,True,HBM949.ZHRT.229
HBM854.LQKL.226,9b048a63ac274e36942d49961c330b76,d0f164331f53f745cfa3e67bf3feb22d,True,HBM949.ZHRT.229
HBM864.XMFH.374,d91f01da45d9011b702cbff221c0ddeb,a95f2c79bb637141f7e6874eddc8e274,True,HBM436.XFFT.833
HBM864.XMFH.374,d91f01da45d9011b702cbff221c0ddeb,a95f2c79bb637141f7e6874eddc8e274,True,HBM436.XFFT.833
HBM865.KZMC.828,232aac63e35e0fd4a856bb2ebf7f8d50,2d0deacd8be70eefbdc33ac107d97e58,True,HBM296.KZXD.676
HBM867.XBWD.535,e8efba8d06360eeba199f195da80f01d,4608ccb9df2505ed8f3ffe02451b4a19,True,HBM886.XJSL.755
HBM869.ZBCZ.787,752094adce2ac00d828efe9c916ea338,b2e48b3c4cd58eb8abc2fcf0c2a79a98,True,HBM599.RSQF.492
HBM872.JGDD.956,a8959b401a2a5fd70a85651404068b73,c40da13b509a43ba96d3a6832f79bf71,True,HBM463.SSWN.245
HBM874.DVHQ.638,c820345b025ff959e531db797030a399,d171ff8d83f707ecca64ff159c7160a7,True,HBM739.ZDLB.526
HBM876.KWMX.349,634b65e0ded3ff0bd00f6f78d8493bd0,0b2dd0e14711d1f77e15ff1c731ef069,True,HBM697.GKCG.783
HBM876.KWMX.349,634b65e0ded3ff0bd00f6f78d8493bd0,0b2dd0e14711d1f77e15ff1c731ef069,True,HBM697.GKCG.783
HBM878.HZJK.366,dcb845c82041eeb07020dec84e03ea97,f90ca327ace4f28721be1c39c77d8834,True,HBM563.ZTXJ.296
HBM878.HZJK.366,dcb845c82041eeb07020dec84e03ea97,f90ca327ace4f28721be1c39c77d8834,True,HBM563.ZTXJ.296
HBM879.KGML.575,a4ca4cc7c4b518c13e2ed9444d3d2c79,3c22b735beed13a206fa6d0af9762564,True,HBM977.TWBG.962
HBM879.NCTL.468,869ff5b556a0e0f24a48aa673d0bc343,aa93e53df10842c13348a334c8fe423f,True,HBM236.KSJH.889
HBM879.NCTL.468,869ff5b556a0e0f24a48aa673d0bc343,aa93e53df10842c13348a334c8fe423f,True,HBM236.KSJH.889
HBM882.KDTH.685,7b85597b6a56b4119792423b23f2a40d,7479e6dbfa3b3a8e1e2d4f78cbe0f9e4,True,HBM443.VNQV.892
HBM882.KDTH.685,7b85597b6a56b4119792423b23f2a40d,7479e6dbfa3b3a8e1e2d4f78cbe0f9e4,True,HBM443.VNQV.892
HBM882.NBFK.489,fa3c3facff89f8ee89f7ee315f057f5e,a69367866979f878635b2b665a6a7e0c,True,HBM974.RQNL.845
HBM882.NBFK.489,fa3c3facff89f8ee89f7ee315f057f5e,a69367866979f878635b2b665a6a7e0c,True,HBM974.RQNL.845
HBM882.XFHR.889,3a4b776346bfc561712eaf915dda6200,293d9f9a1a076c616ed91d7251ec831c,True,HBM395.WSDD.355
HBM883.SPLD.238,3b1490026022f850e4d3c3fb5e2283c9,53fe8a84564b313d4e8ee90f337129dc,True,HBM592.RPKF.946
HBM886.SLWK.262,fc1fe65af3d66d6e12b402647d16d9a0,8c5e705001d5cc1c40dbd963ad848486,True,HBM745.HTBD.332
HBM886.SLWK.262,fc1fe65af3d66d6e12b402647d16d9a0,8c5e705001d5cc1c40dbd963ad848486,True,HBM745.HTBD.332
HBM886.ZXXN.298,6a75230d8d1063fcc8568537212211f5,92248f72d47b916a2027085ec1b8e996,True,HBM293.NNSQ.773
HBM886.ZXXN.298,6a75230d8d1063fcc8568537212211f5,cf3ba9b4cc97302d70d28139ae8e4c13,True,HBM537.SKND.632
HBM886.ZXXN.298,6a75230d8d1063fcc8568537212211f5,92248f72d47b916a2027085ec1b8e996,True,HBM293.NNSQ.773
HBM886.ZXXN.298,6a75230d8d1063fcc8568537212211f5,cf3ba9b4cc97302d70d28139ae8e4c13,True,HBM537.SKND.632
HBM889.BXPN.494,099a05e6266e1edfdab4db55810f7caf,48bdce10978fb6c94a513987ab657031,True,HBM865.QLXW.297
HBM892.MXFF.848,2d27debfce3d25040af54fb77b25427b,35f5b75a7e3d0711f16b0a10219586fb,True,HBM743.RNWC.765
HBM892.MXFF.848,2d27debfce3d25040af54fb77b25427b,5bc39f0a0deb7632f5cb9650d5e7067c,True,HBM388.SGMJ.342
HBM894.MNHL.259,2192b4d95d164631d8c984dcde3ea635,85dcbf66b078d61015a6e1c1f971d7d8,True,HBM497.WQJW.847
HBM894.MNHL.259,2192b4d95d164631d8c984dcde3ea635,85dcbf66b078d61015a6e1c1f971d7d8,True,HBM497.WQJW.847
HBM894.VJNM.258,12adb09fef9ef119227ecbe87b41dcc2,84db9a72aba9ae0ef740192ad8747ee3,True,HBM634.GHKQ.553
HBM897.WVVR.437,4320a3ed03eeab0fe31ba8f62ad901d5,996a59f0f3819e0b8b425de528467407,True,HBM322.DQBR.836
HBM922.KSKR.637,5fba3cd9628ce41299533961b00763a4,704d16116f29994ab0e714f4afdb5516,True,HBM479.GMDK.586
HBM922.KSKR.637,5fba3cd9628ce41299533961b00763a4,704d16116f29994ab0e714f4afdb5516,True,HBM479.GMDK.586
HBM924.DSPX.449,11c92e3b876f5f79cd46a93eb90e074b,293d9f9a1a076c616ed91d7251ec831c,True,HBM395.WSDD.355
HBM927.ZWBG.769,8edfd1b291e958ee35c64cdb6a5e519d,643d4afbd87752a89d7643faed261aba,True,HBM295.RNLK.468
HBM935.CNXT.255,a2bf1303a535bba11900932213b0f987,c40da13b509a43ba96d3a6832f79bf71,True,HBM463.SSWN.245
HBM935.KGJC.468,585c27740dd6f680c0dcaba323562939,85dcbf66b078d61015a6e1c1f971d7d8,True,HBM497.WQJW.847
HBM935.KGJC.468,585c27740dd6f680c0dcaba323562939,85dcbf66b078d61015a6e1c1f971d7d8,True,HBM497.WQJW.847
HBM938.FTBC.347,34730c1fb6e55ece2567c4ffe53ca466,704d16116f29994ab0e714f4afdb5516,True,HBM479.GMDK.586
HBM938.FTBC.347,34730c1fb6e55ece2567c4ffe53ca466,704d16116f29994ab0e714f4afdb5516,True,HBM479.GMDK.586
HBM939.CNSV.893,df71091620312eacc28a6accccfb2aa4,ac1d4544ab4886b851f74b2c21952378,True,HBM339.FPMK.994
HBM939.CNSV.893,df71091620312eacc28a6accccfb2aa4,ac1d4544ab4886b851f74b2c21952378,True,HBM339.FPMK.994
HBM943.VFSK.297,167281fa2a3d19ac21d1e894c7338ba4,0119a79114328c9b2802771bed6611f5,True,HBM875.TXWJ.992
HBM945.QNRF.244,3eb2ebe44756a1a9cd244d8c9507fc7b,6f98ad7345f59e9a0a60b6f706b373bb,True,HBM656.TJNG.945
HBM945.QNRF.244,3eb2ebe44756a1a9cd244d8c9507fc7b,4c435d2297941eafda7fe30f327f88ec,True,HBM893.JVLB.845
HBM945.QNRF.244,3eb2ebe44756a1a9cd244d8c9507fc7b,6f98ad7345f59e9a0a60b6f706b373bb,True,HBM656.TJNG.945
HBM945.QNRF.244,3eb2ebe44756a1a9cd244d8c9507fc7b,4c435d2297941eafda7fe30f327f88ec,True,HBM893.JVLB.845
HBM953.CTWH.676,ad932200f9745e46d6f7bfd9458ad892,37e2a37daa119629991bbc398d00b576,True,HBM676.MCLF.587
HBM953.HGVS.696,d3c675e9f3507412928d3bb725c2c8d2,9457860c1b69f7ec3e51a6b648eabf13,True,HBM993.ZNNJ.876
HBM953.HGVS.696,d3c675e9f3507412928d3bb725c2c8d2,9457860c1b69f7ec3e51a6b648eabf13,True,HBM993.ZNNJ.876
HBM955.DXVQ.765,048723fd5863d45d8a8e867f21e8af9f,5d59784e70a74d4f44c729afff22668c,True,HBM244.WRXM.247
HBM955.DXVQ.765,048723fd5863d45d8a8e867f21e8af9f,5d59784e70a74d4f44c729afff22668c,True,HBM244.WRXM.247
HBM959.QMBB.765,e54c803efc899f4a6cb0f727734076eb,30cca46b98006c525d3df89d6b6374e4,True,HBM772.WGBN.852
HBM959.QMBB.765,e54c803efc899f4a6cb0f727734076eb,30cca46b98006c525d3df89d6b6374e4,True,HBM772.WGBN.852
HBM959.XNWL.627,db3eca4495be28a22d9d02d465c1f702,9457860c1b69f7ec3e51a6b648eabf13,True,HBM993.ZNNJ.876
HBM959.XNWL.627,db3eca4495be28a22d9d02d465c1f702,9457860c1b69f7ec3e51a6b648eabf13,True,HBM993.ZNNJ.876
HBM965.GWBH.574,319579dab915552f4640ecf57ce13c21,d6e6c8e452ed628425e9e928306a6db0,True,HBM592.DXHG.266
HBM969.CJQL.629,8e5c8f0cc61aad4fcbc5cc119bdf4c96,f9848244883f6c70972acef16680431a,True,HBM658.VPJK.669
HBM972.JCHH.759,01279a23c49b258b9330619a081014e4,a0bfd09a989530ba348d64499adf6a6b,True,HBM485.HJXJ.776
HBM972.VRNF.956,42b73e4e346571372f4babe678688dfd,de78115cc476af9422f916ddfbccbfb6,True,HBM726.SGLJ.852
HBM973.ZVNB.886,f41e71ec9619dbb065634b4714d1818e,a95f2c79bb637141f7e6874eddc8e274,True,HBM436.XFFT.833
HBM973.ZVNB.886,f41e71ec9619dbb065634b4714d1818e,a95f2c79bb637141f7e6874eddc8e274,True,HBM436.XFFT.833
HBM975.WHWM.552,1b015d3b973ac6510bbb40f4112f0486,7479e6dbfa3b3a8e1e2d4f78cbe0f9e4,True,HBM443.VNQV.892
HBM975.WHWM.552,1b015d3b973ac6510bbb40f4112f0486,7479e6dbfa3b3a8e1e2d4f78cbe0f9e4,True,HBM443.VNQV.892
HBM979.DJZW.835,7e452891b83ca984a2f210312d90495d,4608ccb9df2505ed8f3ffe02451b4a19,True,HBM886.XJSL.755
HBM982.TPNQ.737,fa6d9c732c7f239422ec6b357136fcd4,7646a8a89555a123a56446b66c183d58,True,HBM524.KHPH.599
HBM982.TPNQ.737,fa6d9c732c7f239422ec6b357136fcd4,fe391b9ac729ec7b73d55d66e1e74438,True,HBM865.TRVX.355
HBM982.TTRB.258,0c3ce767d87527f41fd705fd469390a0,853ab5348f619043ab2f997ac8ae14f0,True,HBM344.QRJX.878
HBM982.TTRB.258,0c3ce767d87527f41fd705fd469390a0,9d37d91769087f8082a514f6eed10bbc,True,HBM563.FJNH.776
HBM982.TTRB.258,0c3ce767d87527f41fd705fd469390a0,853ab5348f619043ab2f997ac8ae14f0,True,HBM344.QRJX.878
HBM982.TTRB.258,0c3ce767d87527f41fd705fd469390a0,9d37d91769087f8082a514f6eed10bbc,True,HBM563.FJNH.776
HBM983.QHFB.659,bbab5449e7476eb6b52cbb632980aa2b,9457860c1b69f7ec3e51a6b648eabf13,True,HBM993.ZNNJ.876
HBM983.QHFB.659,bbab5449e7476eb6b52cbb632980aa2b,9457860c1b69f7ec3e51a6b648eabf13,True,HBM993.ZNNJ.876
HBM984.LZDJ.635,1b2dede6f4a92c4114ae0e581b5466ce,704d16116f29994ab0e714f4afdb5516,True,HBM479.GMDK.586
HBM984.LZDJ.635,1b2dede6f4a92c4114ae0e581b5466ce,704d16116f29994ab0e714f4afdb5516,True,HBM479.GMDK.586
HBM985.TJZD.778,17be751d961c5baf6c1dbe2e70c5d93c,be103f95cc6c1a3e48f099d1bd149a49,True,HBM869.HBBF.473
HBM985.TJZD.778,17be751d961c5baf6c1dbe2e70c5d93c,503f9caeffb9ee1e1324793c977d2342,True,HBM799.ZJDP.379
HBM985.TJZD.778,17be751d961c5baf6c1dbe2e70c5d93c,be103f95cc6c1a3e48f099d1bd149a49,True,HBM869.HBBF.473
HBM985.TJZD.778,17be751d961c5baf6c1dbe2e70c5d93c,503f9caeffb9ee1e1324793c977d2342,True,HBM799.ZJDP.379
HBM992.XNZH.647,f1b130f1200ae1fabe56cb506245490c,3bb5f743b039cb620d7ef234e0876f7a,True,HBM349.QCWZ.339
HBM992.XNZH.647,f1b130f1200ae1fabe56cb506245490c,df811b74923e105691a021be3fa35e54,True,HBM785.LNQZ.992
