,uuid,descendants,has_h5
0,dfb92b98eb60ad06b962aca3696fe3ba,,
1,fd0c0fcde5a331c9dfff52b520c7d792,0d1eb3d774a694b79e844987f771b183,True
2,fd0c0fcde5a331c9dfff52b520c7d792,107f237dc1c866e9e9b215c7354c8d6a,True
3,fd0c0fcde5a331c9dfff52b520c7d792,0d1eb3d774a694b79e844987f771b183,True
4,fd0c0fcde5a331c9dfff52b520c7d792,107f237dc1c866e9e9b215c7354c8d6a,True
5,94628b7cbea631d114dac5f4c4aab901,,
6,fc01c66c978c9c2dfdf398d125395d44,,
7,fc01c66c978c9c2dfdf398d125395d44,,
8,4c4d0414f303303ca858da5a5d343f6a,82400009b02f7651f3edf5b292f7cd9a,True
9,4c4d0414f303303ca858da5a5d343f6a,82400009b02f7651f3edf5b292f7cd9a,True
10,20a94e74a0bfa73a1cc465aa76e4e201,,
11,42a767c2036382d7f015989cad1ce138,704d16116f29994ab0e714f4afdb5516,True
12,42a767c2036382d7f015989cad1ce138,704d16116f29994ab0e714f4afdb5516,True
13,ce30489adeb0c18b028055b8b60707ca,8e4eab7feebb6c0478237a1b071b34bf,False
14,ce30489adeb0c18b028055b8b60707ca,9f22c3fa71d1f754f8d0f3af23f298c3,False
15,397b6f876ec7976923650135481d08e5,dd3e6da115fd13eee62d9a4fba2324ae,True
16,397b6f876ec7976923650135481d08e5,dd3e6da115fd13eee62d9a4fba2324ae,True
17,e30d1d413f45c48edbfdf0ecf9d58dcc,7479e6dbfa3b3a8e1e2d4f78cbe0f9e4,True
18,e30d1d413f45c48edbfdf0ecf9d58dcc,7479e6dbfa3b3a8e1e2d4f78cbe0f9e4,True
19,05197e30394fd88affff0a9c214c8c4c,4b16c24a3997ea8754921b0f1d60bc4d,True
20,d34706323794467348995af37072b5ee,ac1d4544ab4886b851f74b2c21952378,True
21,d34706323794467348995af37072b5ee,ac1d4544ab4886b851f74b2c21952378,True
22,f0909945624cddff93222b5e4a7ccf9e,,
23,f0909945624cddff93222b5e4a7ccf9e,,
24,154ec6344a58e4acb15ad01977b84baf,eb961e5dc50239d35f5398903c64e2b9,True
25,154ec6344a58e4acb15ad01977b84baf,eb961e5dc50239d35f5398903c64e2b9,True
26,f37e71fbc717aac007cfc9efc6de2cf8,b5aaa0ff6cde445a6808dc03e27c9364,True
27,9e8d22618bc17f270c58b7bb2581ece4,a69367866979f878635b2b665a6a7e0c,True
28,9e8d22618bc17f270c58b7bb2581ece4,a69367866979f878635b2b665a6a7e0c,True
29,1fb5bcc68099ff64c34809153de0c5cc,969b81f6dfbc0ed1fc21b00e2997d441,True
30,7e39dcec932155b62e332ba7d3b18d35,19304b10d9e1f17af19cccb2feb014a5,True
31,77803dd6ac572ad570034053589266c8,ad03584eee2be1fbff18bb2db9281c25,False
32,77803dd6ac572ad570034053589266c8,6b7ca7dd66015371c1dfb61b8390c71e,False
33,77803dd6ac572ad570034053589266c8,c3be5650e93907b68ddbdb22b948db32,False
34,f852d653926edb68292e39b95a3469cf,dd3e6da115fd13eee62d9a4fba2324ae,True
35,f852d653926edb68292e39b95a3469cf,dd3e6da115fd13eee62d9a4fba2324ae,True
36,ce47fd93a6fe3fd447749de2d50c5b7a,,
37,ce47fd93a6fe3fd447749de2d50c5b7a,,
38,c686b93a809ec1f54a0d96bc25d3d207,6cd63d0ee2c67c3be41e4be1522d9c07,True
39,c686b93a809ec1f54a0d96bc25d3d207,9194b6a9ed87b1ce0a6744cc26bd3eca,True
40,c686b93a809ec1f54a0d96bc25d3d207,6cd63d0ee2c67c3be41e4be1522d9c07,True
41,c686b93a809ec1f54a0d96bc25d3d207,9194b6a9ed87b1ce0a6744cc26bd3eca,True
42,9458d3d61052656b39236284af868858,,
43,4038c7a3510b38f0cd036aa4955246eb,33c0ce043ae331ea23fc80023428e534,True
44,4038c7a3510b38f0cd036aa4955246eb,33c0ce043ae331ea23fc80023428e534,True
45,1ebb8c979c90d0c214f3ebc7aaaa2207,c40da13b509a43ba96d3a6832f79bf71,True
46,142dde4b515934bdd9384c2aea081ebb,d1e9f509063984326570cf603c5654f2,True
47,142dde4b515934bdd9384c2aea081ebb,d1e9f509063984326570cf603c5654f2,True
48,59da4436e52d9cacc743c1a9bbdd566f,d171ff8d83f707ecca64ff159c7160a7,True
49,1c3568da4d4e8c1f654147b083a8bfa9,,
50,be7059191ba49651655db7d333610ad2,bafcb8882be3c213101755a0468f3620,False
51,be7059191ba49651655db7d333610ad2,f90ca327ace4f28721be1c39c77d8834,True
52,be7059191ba49651655db7d333610ad2,bafcb8882be3c213101755a0468f3620,False
53,be7059191ba49651655db7d333610ad2,f90ca327ace4f28721be1c39c77d8834,True
54,a9d4471b41cd0d8185e12dd6c5a48e96,a682dd79f193aab9e78f14c2757d6701,False
55,a9d4471b41cd0d8185e12dd6c5a48e96,7415aa1cf88bc60ac4bf47979a8201f1,False
56,a9d4471b41cd0d8185e12dd6c5a48e96,908ae2169abbaad967afb91bcf7e1d8c,False
57,a9d4471b41cd0d8185e12dd6c5a48e96,fe80120ba68c7217998c7efdf97d2aae,False
58,a9d4471b41cd0d8185e12dd6c5a48e96,d3d8d6ccaff81ddb4e28763b4bb29fc7,False
59,a9d4471b41cd0d8185e12dd6c5a48e96,5b1ac6d9dd8480f96e14d7b7cad3253f,False
60,a9d4471b41cd0d8185e12dd6c5a48e96,a682dd79f193aab9e78f14c2757d6701,False
61,a9d4471b41cd0d8185e12dd6c5a48e96,7415aa1cf88bc60ac4bf47979a8201f1,False
62,a9d4471b41cd0d8185e12dd6c5a48e96,908ae2169abbaad967afb91bcf7e1d8c,False
63,a9d4471b41cd0d8185e12dd6c5a48e96,fe80120ba68c7217998c7efdf97d2aae,False
64,a9d4471b41cd0d8185e12dd6c5a48e96,d3d8d6ccaff81ddb4e28763b4bb29fc7,False
65,a9d4471b41cd0d8185e12dd6c5a48e96,5b1ac6d9dd8480f96e14d7b7cad3253f,False
66,92ece568d60a6d499690a3f33d34d335,,
67,92ece568d60a6d499690a3f33d34d335,,
68,e2ca7e2afdf10dce3d0201c608fe68f8,,
69,c5e4adcf2ef956864a087d1691e8e8cd,aa93e53df10842c13348a334c8fe423f,True
70,c5e4adcf2ef956864a087d1691e8e8cd,aa93e53df10842c13348a334c8fe423f,True
71,d5591e72c2f16713e1499b17d3633d30,05f2d30d8566499ae87fe9db59d62952,False
72,275c81f5f8b4f53f925f9742cb440efa,a69367866979f878635b2b665a6a7e0c,True
73,275c81f5f8b4f53f925f9742cb440efa,a69367866979f878635b2b665a6a7e0c,True
74,da37b64d6f5823747274c719cd590890,bbcad31a55b1710dd5f889be8f63b62b,True
75,da37b64d6f5823747274c719cd590890,bbcad31a55b1710dd5f889be8f63b62b,True
76,312f7ff0c62fbcbdc51c41640b2fc3ec,,
77,ade674f0277942c9a1297494fcf3511d,aa93e53df10842c13348a334c8fe423f,True
78,ade674f0277942c9a1297494fcf3511d,aa93e53df10842c13348a334c8fe423f,True
79,98d54824c0eb9843865dfc3a53b4cff4,b22e6449e3de171fdfaefc4a7b5b2aed,False
80,98d54824c0eb9843865dfc3a53b4cff4,0fb69a9bdd59ef4f51e24ca4d112fc2d,False
81,98d54824c0eb9843865dfc3a53b4cff4,29aa39f865ab861ebf4d5671de239d8e,False
82,98d54824c0eb9843865dfc3a53b4cff4,89c34a87cdd795017fa004b2ed0fabff,False
83,98d54824c0eb9843865dfc3a53b4cff4,768b7adb649959b6a4e354867595032d,False
84,98d54824c0eb9843865dfc3a53b4cff4,b22e6449e3de171fdfaefc4a7b5b2aed,False
85,98d54824c0eb9843865dfc3a53b4cff4,0fb69a9bdd59ef4f51e24ca4d112fc2d,False
86,98d54824c0eb9843865dfc3a53b4cff4,29aa39f865ab861ebf4d5671de239d8e,False
87,98d54824c0eb9843865dfc3a53b4cff4,89c34a87cdd795017fa004b2ed0fabff,False
88,98d54824c0eb9843865dfc3a53b4cff4,768b7adb649959b6a4e354867595032d,False
89,1e766956a9c48e8e61ffb1ab28e8e4e4,a69367866979f878635b2b665a6a7e0c,True
90,1e766956a9c48e8e61ffb1ab28e8e4e4,a69367866979f878635b2b665a6a7e0c,True
91,d6cba03620a40893d1ec295c4c68b044,,
92,00d9d4bf8b010eaa6fca4361476cd2ad,8c5e705001d5cc1c40dbd963ad848486,True
93,00d9d4bf8b010eaa6fca4361476cd2ad,8c5e705001d5cc1c40dbd963ad848486,True
94,9e6d35a356d096af13c4933d680f45a0,,
95,9e6d35a356d096af13c4933d680f45a0,,
96,faa74840f52d939f81d3e31ff5f0c154,ae9d6066c8b680aa82e8da8a259fb429,True
97,26b642ddbae00e7ff6570ddd57557e26,79f087ae551dd72997f174646bb0d5e0,True
98,2746ce8d450265ace2c6aee762c8dfda,ac1d4544ab4886b851f74b2c21952378,True
99,2746ce8d450265ace2c6aee762c8dfda,ac1d4544ab4886b851f74b2c21952378,True
100,d7bd2925c466eedc009c1cd272011529,ac1d4544ab4886b851f74b2c21952378,True
101,d7bd2925c466eedc009c1cd272011529,ac1d4544ab4886b851f74b2c21952378,True
102,96ebf1a50a8a2a2ae627712238fdaf4e,,
103,96ebf1a50a8a2a2ae627712238fdaf4e,,
104,3480cd404d4bacd7bb8d21be8de12c6c,32d27420e3531ab6bbf5f714e8dd6462,False
105,3480cd404d4bacd7bb8d21be8de12c6c,3b0919a20bb61ffb7e880261651fcea6,False
106,3480cd404d4bacd7bb8d21be8de12c6c,8bacab693825314a060817e91a93ecb1,False
107,3480cd404d4bacd7bb8d21be8de12c6c,99f06bad15cea33cdebbfbbbb47c55e5,False
108,3480cd404d4bacd7bb8d21be8de12c6c,9b2101cb205273a730193679e3c5fafe,False
109,3480cd404d4bacd7bb8d21be8de12c6c,aa67c405838e9b7e2d64c7df3d97214e,False
110,3480cd404d4bacd7bb8d21be8de12c6c,1bbe3c239d3265b0462f5379603d82ed,False
111,3480cd404d4bacd7bb8d21be8de12c6c,76e8ed74a4c4a4e05a96149e5f97dd24,False
112,3480cd404d4bacd7bb8d21be8de12c6c,885aa8939f6b69fbecf86e03280bc806,False
113,3480cd404d4bacd7bb8d21be8de12c6c,accccdcd13d9036bd7946aa40760b65e,False
114,3480cd404d4bacd7bb8d21be8de12c6c,5e230c6a070184709c9356bcbf09b785,False
115,3480cd404d4bacd7bb8d21be8de12c6c,32d27420e3531ab6bbf5f714e8dd6462,False
116,3480cd404d4bacd7bb8d21be8de12c6c,3b0919a20bb61ffb7e880261651fcea6,False
117,3480cd404d4bacd7bb8d21be8de12c6c,8bacab693825314a060817e91a93ecb1,False
118,3480cd404d4bacd7bb8d21be8de12c6c,99f06bad15cea33cdebbfbbbb47c55e5,False
119,3480cd404d4bacd7bb8d21be8de12c6c,9b2101cb205273a730193679e3c5fafe,False
120,3480cd404d4bacd7bb8d21be8de12c6c,aa67c405838e9b7e2d64c7df3d97214e,False
121,3480cd404d4bacd7bb8d21be8de12c6c,1bbe3c239d3265b0462f5379603d82ed,False
122,3480cd404d4bacd7bb8d21be8de12c6c,76e8ed74a4c4a4e05a96149e5f97dd24,False
123,3480cd404d4bacd7bb8d21be8de12c6c,885aa8939f6b69fbecf86e03280bc806,False
124,3480cd404d4bacd7bb8d21be8de12c6c,accccdcd13d9036bd7946aa40760b65e,False
125,3480cd404d4bacd7bb8d21be8de12c6c,5e230c6a070184709c9356bcbf09b785,False
126,ab3df69d522e29ca793bae7495e1b301,969b81f6dfbc0ed1fc21b00e2997d441,True
127,614073f249f8881b2fe4a29db6bea266,ac1d4544ab4886b851f74b2c21952378,True
128,614073f249f8881b2fe4a29db6bea266,ac1d4544ab4886b851f74b2c21952378,True
129,5a1449ecf5a58494e11ed7a78a7d104a,8c5e705001d5cc1c40dbd963ad848486,True
130,5a1449ecf5a58494e11ed7a78a7d104a,8c5e705001d5cc1c40dbd963ad848486,True
131,46f707a38043ac6d2cd6a3700979c8f8,4a682d67bea887e5bb1ade2bd137489e,False
132,46f707a38043ac6d2cd6a3700979c8f8,fa9a13fa6cca3c96869930f0b483b484,True
133,46f707a38043ac6d2cd6a3700979c8f8,4a682d67bea887e5bb1ade2bd137489e,False
134,46f707a38043ac6d2cd6a3700979c8f8,fa9a13fa6cca3c96869930f0b483b484,True
135,64f82de4fbcf9654955724e9111320c3,,
136,e4cb7061eafcb4605b138b56dd8b10c0,7479e6dbfa3b3a8e1e2d4f78cbe0f9e4,True
137,e4cb7061eafcb4605b138b56dd8b10c0,7479e6dbfa3b3a8e1e2d4f78cbe0f9e4,True
138,e0d7eaffb0da948ed150d1cfc94db74b,969b81f6dfbc0ed1fc21b00e2997d441,True
139,db9e2006effe3168b4b4f28b96e65d34,316772d6487538152b82e056fa74471d,True
140,db9e2006effe3168b4b4f28b96e65d34,316772d6487538152b82e056fa74471d,True
141,7d59d1738906d1ffcdbb4888c21cce10,b30f6ae2e11e7537bcbe8a67ef6c61fe,True
142,fbecb40eb616c4b5434b5d04f950ffb0,d11c49c38ffba032b8a95e28a781f54b,True
143,fbecb40eb616c4b5434b5d04f950ffb0,d11c49c38ffba032b8a95e28a781f54b,True
144,ea049ec1f9d2f8dc31d731dfadd4662f,,
145,ea049ec1f9d2f8dc31d731dfadd4662f,,
146,af3e387f2441f172cbe7de29ea5c3c16,33c0ce043ae331ea23fc80023428e534,True
147,af3e387f2441f172cbe7de29ea5c3c16,33c0ce043ae331ea23fc80023428e534,True
148,cfc125d6d916f121e92a8406a0502a38,7017034c816444f6acb469834e53344f,True
149,cfc125d6d916f121e92a8406a0502a38,4fee7d4cc398bcb85e3c2a31b7baf999,True
150,e62b7f592efe97894de86cfabbfddde8,3d0bf870aaa607cd0bd0146a461ea0ac,True
151,e62b7f592efe97894de86cfabbfddde8,3d0bf870aaa607cd0bd0146a461ea0ac,True
152,2a599987cc11b2d575e4a17bd1605e80,e10f4899d35a9f39a2963fe9586b5fa4,True
153,26dc619ecea3f40441064f18e1a8b879,7479e6dbfa3b3a8e1e2d4f78cbe0f9e4,True
154,26dc619ecea3f40441064f18e1a8b879,7479e6dbfa3b3a8e1e2d4f78cbe0f9e4,True
155,9049f48b97dc5edc737b67783a47e918,e65175561b4b17da5352e3837aa0e497,True
156,9049f48b97dc5edc737b67783a47e918,5302ee81cb9692dfda92b2c5dad37198,True
157,bf8faee3a82026ccf2a65965fd158a1f,d1e9f509063984326570cf603c5654f2,True
158,bf8faee3a82026ccf2a65965fd158a1f,d1e9f509063984326570cf603c5654f2,True
159,37ff32a1868159ac3132808b2630259f,5f2a08b1c3ce5d7d880dd19b5eb9d04c,True
160,644e9e8c2e6dfb07223188b86eb17ed4,9457860c1b69f7ec3e51a6b648eabf13,True
161,644e9e8c2e6dfb07223188b86eb17ed4,9457860c1b69f7ec3e51a6b648eabf13,True
162,f0ccea0dbab80fb62f92260a30d174ef,,
163,f0ccea0dbab80fb62f92260a30d174ef,,
164,4ea28b66fb08185a484df0fa0b9543dc,4608ccb9df2505ed8f3ffe02451b4a19,True
165,756a0eed9508a9b96a0276b8a7a6d7e2,9e91d1be412466551533cce5594450cb,True
166,d615cc96a8606bb6819bed2a8d7f24ac,f7a8e78dea9cf70735059e8b4a179701,True
167,ba35e752b5c6b18f75753e76774dda65,e35c788dcdcb18c64ad300097b0b863c,True
168,ba35e752b5c6b18f75753e76774dda65,e35c788dcdcb18c64ad300097b0b863c,True
169,026ab5fb8cf7681220b423d453a583aa,7479e6dbfa3b3a8e1e2d4f78cbe0f9e4,True
170,026ab5fb8cf7681220b423d453a583aa,7479e6dbfa3b3a8e1e2d4f78cbe0f9e4,True
171,7836f1c899015976a0fee6c1f6c03963,86ad3859bb98f5d35e5f2ce553e64164,True
172,7836f1c899015976a0fee6c1f6c03963,86ad3859bb98f5d35e5f2ce553e64164,True
173,5afac98d9f449f2169b505179dd96f0e,ab368441a254b696f2861738b692a5b7,False
174,5afac98d9f449f2169b505179dd96f0e,35454f56fd4d7b3c4b80921a9c7e6b18,False
175,5afac98d9f449f2169b505179dd96f0e,e59ae3cdc0402f499d02f5e3819b5f20,False
176,5afac98d9f449f2169b505179dd96f0e,b9fad66cb03bcbc0e9af64ab291103cb,False
177,5afac98d9f449f2169b505179dd96f0e,5318485b16983482401c3be24b6c42ad,False
178,5afac98d9f449f2169b505179dd96f0e,ab368441a254b696f2861738b692a5b7,False
179,5afac98d9f449f2169b505179dd96f0e,35454f56fd4d7b3c4b80921a9c7e6b18,False
180,5afac98d9f449f2169b505179dd96f0e,e59ae3cdc0402f499d02f5e3819b5f20,False
181,5afac98d9f449f2169b505179dd96f0e,b9fad66cb03bcbc0e9af64ab291103cb,False
182,5afac98d9f449f2169b505179dd96f0e,5318485b16983482401c3be24b6c42ad,False
183,52802e3d118ecf66aa7c776e2320b110,,
184,055730a8c5486ec9bf66af90102e5626,91a46cd9228c04e77df05536a036824b,False
185,055730a8c5486ec9bf66af90102e5626,5d59784e70a74d4f44c729afff22668c,True
186,055730a8c5486ec9bf66af90102e5626,91a46cd9228c04e77df05536a036824b,False
187,055730a8c5486ec9bf66af90102e5626,5d59784e70a74d4f44c729afff22668c,True
188,737617c116e94ded77b9de7611c469e9,d1e9f509063984326570cf603c5654f2,True
189,737617c116e94ded77b9de7611c469e9,d1e9f509063984326570cf603c5654f2,True
190,f22a9ba97b79eefe6b152b4315e43c76,da7986ab10ec94b8559d7a9497da6b11,False
191,8fcb96b98c87178e2666435a3b3a5350,33c0ce043ae331ea23fc80023428e534,True
192,8fcb96b98c87178e2666435a3b3a5350,33c0ce043ae331ea23fc80023428e534,True
193,d8bcf823b7f194943521a0c3f3ee2040,,
194,d8bcf823b7f194943521a0c3f3ee2040,,
195,59f249caa2fe225f030205c2abd86051,77d3d17a50c394098b2eaa76cb252a6a,False
196,59f249caa2fe225f030205c2abd86051,19f5da8bd41b570b4293db13d10cfb78,False
197,59f249caa2fe225f030205c2abd86051,2fa4239fa39ce5e9adc6f4a4eaa5806e,False
198,d74c1643f3f4c22a4758e5931029ed75,ee6e44b3e6cb77ef1806e722390a01a8,True
199,bf913eef5786fff2e198662e9731f243,,
200,bf913eef5786fff2e198662e9731f243,,
201,4ea7a4cf1a6ff0df0cc33c1236633112,434fbc55d458dc4e06da9ba4961f3840,True
202,4ea7a4cf1a6ff0df0cc33c1236633112,71e7e38c9d8a2f211e3ef47d7b8f3fe6,True
203,4ea7a4cf1a6ff0df0cc33c1236633112,434fbc55d458dc4e06da9ba4961f3840,True
204,4ea7a4cf1a6ff0df0cc33c1236633112,71e7e38c9d8a2f211e3ef47d7b8f3fe6,True
205,0a89c78b2de4c454c6df0a6e17ff17b6,a69367866979f878635b2b665a6a7e0c,True
206,0a89c78b2de4c454c6df0a6e17ff17b6,a69367866979f878635b2b665a6a7e0c,True
207,b526134b31f875f76091f170b195a578,,
208,35ebe72ecf3cea45461cbfa716352357,,
209,35ebe72ecf3cea45461cbfa716352357,,
210,ec8f9880b5dda90c3c6017ba670097a9,5ed3910ba1d3947b6d2ea3788af223b1,False
211,ec8f9880b5dda90c3c6017ba670097a9,a0f83ab44af89fcd9d0af3532331e4b8,False
212,ec8f9880b5dda90c3c6017ba670097a9,2ff8b0afb2adb3e6e01aa3b520d20985,False
213,ec8f9880b5dda90c3c6017ba670097a9,75687ba179414d697d6c6a883635dfab,False
214,ec8f9880b5dda90c3c6017ba670097a9,0c73363dd7df45f9acb5c84ebf87012c,False
215,ec8f9880b5dda90c3c6017ba670097a9,c92332aa7e244be5bad1c27c80fcd343,False
216,ec8f9880b5dda90c3c6017ba670097a9,5ed3910ba1d3947b6d2ea3788af223b1,False
217,ec8f9880b5dda90c3c6017ba670097a9,a0f83ab44af89fcd9d0af3532331e4b8,False
218,ec8f9880b5dda90c3c6017ba670097a9,2ff8b0afb2adb3e6e01aa3b520d20985,False
219,ec8f9880b5dda90c3c6017ba670097a9,75687ba179414d697d6c6a883635dfab,False
220,ec8f9880b5dda90c3c6017ba670097a9,0c73363dd7df45f9acb5c84ebf87012c,False
221,ec8f9880b5dda90c3c6017ba670097a9,c92332aa7e244be5bad1c27c80fcd343,False
222,2e7cc9e709e295c74d669562703ee890,,
223,bfa9c4267a38dd190adbaf134364e876,611d301d6755508efd91a6d924d7c400,True
224,bfa9c4267a38dd190adbaf134364e876,611d301d6755508efd91a6d924d7c400,True
225,d31aa4d63ee3f71965fc7bccb3ef3d02,6ab211e1ca46633ceaeba0ae6f385538,False
226,d31aa4d63ee3f71965fc7bccb3ef3d02,85dcbf66b078d61015a6e1c1f971d7d8,True
227,d31aa4d63ee3f71965fc7bccb3ef3d02,6ab211e1ca46633ceaeba0ae6f385538,False
228,d31aa4d63ee3f71965fc7bccb3ef3d02,85dcbf66b078d61015a6e1c1f971d7d8,True
229,f716e995918d7780d46ad4df44d41678,200aad1a5d236d4bc6239797c7da5a91,False
230,639de42ac2f34ff8a03940b7161f1ead,813af4ad3207830e0e7b2559413028bf,True
231,639de42ac2f34ff8a03940b7161f1ead,813af4ad3207830e0e7b2559413028bf,True
232,6acf389e79b08bdd4c7f94019348868e,c40da13b509a43ba96d3a6832f79bf71,True
233,427be2b1f70b1ad3dbab15d946fc90ce,,
234,2958cd11dad5ee8bcf7bf8d4b3e4a128,f9fcb7260a42c4c06e233345ca15928b,False
235,2958cd11dad5ee8bcf7bf8d4b3e4a128,1169fcdbe2d4585315b9f5e3eb4531d9,False
236,2958cd11dad5ee8bcf7bf8d4b3e4a128,072dd38def76e5031ff9d3aa6c3316cf,False
237,2958cd11dad5ee8bcf7bf8d4b3e4a128,9c8ca962f66d268e42a9031b632c204a,False
238,2958cd11dad5ee8bcf7bf8d4b3e4a128,c5449b9c4c332e13392f4a49b06db301,False
239,2958cd11dad5ee8bcf7bf8d4b3e4a128,b2cd847aee5ce0039e4ecac408d83b5d,False
240,2958cd11dad5ee8bcf7bf8d4b3e4a128,15b0fa390fb4450c89b8390ae14df07e,False
241,2958cd11dad5ee8bcf7bf8d4b3e4a128,58b06ce4c5f6df9c802233360893a20f,False
242,2958cd11dad5ee8bcf7bf8d4b3e4a128,e744205427e60038a142bb7cef6dfe3e,False
243,2958cd11dad5ee8bcf7bf8d4b3e4a128,67488ea866ef91e9f39279f7f84fe2d8,False
244,2958cd11dad5ee8bcf7bf8d4b3e4a128,a48b4357572a76567ec7aeb794addd7e,False
245,2958cd11dad5ee8bcf7bf8d4b3e4a128,35d53aa621e25665b1d239f1d89befb2,False
246,2958cd11dad5ee8bcf7bf8d4b3e4a128,f9fcb7260a42c4c06e233345ca15928b,False
247,2958cd11dad5ee8bcf7bf8d4b3e4a128,1169fcdbe2d4585315b9f5e3eb4531d9,False
248,2958cd11dad5ee8bcf7bf8d4b3e4a128,072dd38def76e5031ff9d3aa6c3316cf,False
249,2958cd11dad5ee8bcf7bf8d4b3e4a128,9c8ca962f66d268e42a9031b632c204a,False
250,2958cd11dad5ee8bcf7bf8d4b3e4a128,c5449b9c4c332e13392f4a49b06db301,False
251,2958cd11dad5ee8bcf7bf8d4b3e4a128,b2cd847aee5ce0039e4ecac408d83b5d,False
252,2958cd11dad5ee8bcf7bf8d4b3e4a128,15b0fa390fb4450c89b8390ae14df07e,False
253,2958cd11dad5ee8bcf7bf8d4b3e4a128,58b06ce4c5f6df9c802233360893a20f,False
254,2958cd11dad5ee8bcf7bf8d4b3e4a128,e744205427e60038a142bb7cef6dfe3e,False
255,2958cd11dad5ee8bcf7bf8d4b3e4a128,67488ea866ef91e9f39279f7f84fe2d8,False
256,2958cd11dad5ee8bcf7bf8d4b3e4a128,a48b4357572a76567ec7aeb794addd7e,False
257,2958cd11dad5ee8bcf7bf8d4b3e4a128,35d53aa621e25665b1d239f1d89befb2,False
258,cd887a6beabc794992876ad7ee591f69,9fe24e50c8b8b77d86900ee4beecef69,True
259,cd887a6beabc794992876ad7ee591f69,323c68262eb07f786041b6253e9e83ca,True
260,cd887a6beabc794992876ad7ee591f69,9fe24e50c8b8b77d86900ee4beecef69,True
261,cd887a6beabc794992876ad7ee591f69,323c68262eb07f786041b6253e9e83ca,True
262,68e6dfa4807ca615883f73a5067115cb,9aed52d22e30b893045fd1f79b3663fb,True
263,4d3eb2a87cda705bde38495bb564c8dc,bafcb8882be3c213101755a0468f3620,False
264,4d3eb2a87cda705bde38495bb564c8dc,f90ca327ace4f28721be1c39c77d8834,True
265,4d3eb2a87cda705bde38495bb564c8dc,bafcb8882be3c213101755a0468f3620,False
266,4d3eb2a87cda705bde38495bb564c8dc,f90ca327ace4f28721be1c39c77d8834,True
267,a9de37eaa11fc1aeba7845119ce3f314,9b20142483d5714c66885b690c00af4f,True
268,324e4aa3c65fd6644234bbfd61b358de,eb961e5dc50239d35f5398903c64e2b9,True
269,324e4aa3c65fd6644234bbfd61b358de,eb961e5dc50239d35f5398903c64e2b9,True
270,f00735a111509dd32979ad663336d7b5,,
271,f00735a111509dd32979ad663336d7b5,,
272,eea962dabda0cec78f8f909494e0e775,4608ccb9df2505ed8f3ffe02451b4a19,True
273,f78676fe6039fc83fd377a8f5d79a655,,
274,f78676fe6039fc83fd377a8f5d79a655,,
275,d5a5f99ccf30c0060699df86a9ffedf8,,
276,3f3fc7fbd6c9ddffd3cd96e07b946252,133119ed437057e346f195c40dba4017,False
277,3f3fc7fbd6c9ddffd3cd96e07b946252,cba697101628852328a4759cc21ba480,False
278,3f3fc7fbd6c9ddffd3cd96e07b946252,8a7f00f75cc44b1e1a61a7d6d3902cb1,False
279,3f3fc7fbd6c9ddffd3cd96e07b946252,f349c918807c684bc6ac0bbe00b8df99,False
280,3f3fc7fbd6c9ddffd3cd96e07b946252,f77cc048d0c5ac6d2df6229bfb5b87c8,False
281,3f3fc7fbd6c9ddffd3cd96e07b946252,2522c418a11cfc3875d8baf2362dff6a,False
282,3f3fc7fbd6c9ddffd3cd96e07b946252,bd72975f798d0067c6a48de0f92474d9,False
283,3f3fc7fbd6c9ddffd3cd96e07b946252,a66695bcb887830d560e9fd363b56681,False
284,3f3fc7fbd6c9ddffd3cd96e07b946252,9e58a221d1f73f84924dabed476379d1,False
285,3f3fc7fbd6c9ddffd3cd96e07b946252,133119ed437057e346f195c40dba4017,False
286,3f3fc7fbd6c9ddffd3cd96e07b946252,cba697101628852328a4759cc21ba480,False
287,3f3fc7fbd6c9ddffd3cd96e07b946252,8a7f00f75cc44b1e1a61a7d6d3902cb1,False
288,3f3fc7fbd6c9ddffd3cd96e07b946252,f349c918807c684bc6ac0bbe00b8df99,False
289,3f3fc7fbd6c9ddffd3cd96e07b946252,f77cc048d0c5ac6d2df6229bfb5b87c8,False
290,3f3fc7fbd6c9ddffd3cd96e07b946252,2522c418a11cfc3875d8baf2362dff6a,False
291,3f3fc7fbd6c9ddffd3cd96e07b946252,bd72975f798d0067c6a48de0f92474d9,False
292,3f3fc7fbd6c9ddffd3cd96e07b946252,a66695bcb887830d560e9fd363b56681,False
293,3f3fc7fbd6c9ddffd3cd96e07b946252,9e58a221d1f73f84924dabed476379d1,False
294,153b0fe8575ff1a17768319ba6dbaa5c,3612aaf6926602e7d2d3ae7cdd7ab44d,False
295,153b0fe8575ff1a17768319ba6dbaa5c,88f73fb92671e83d058a952d27e96114,False
296,153b0fe8575ff1a17768319ba6dbaa5c,4b3d6c31280857d0c360144d4b25186a,False
297,153b0fe8575ff1a17768319ba6dbaa5c,9f185f3b402e882b8c86bf2eafb9c19c,False
298,153b0fe8575ff1a17768319ba6dbaa5c,bed73f644a2534b0cbecbecf26afff12,False
299,153b0fe8575ff1a17768319ba6dbaa5c,ad51b180c0751d1d1576fe4a3c5cdb95,False
300,153b0fe8575ff1a17768319ba6dbaa5c,da9b239dca9b8b03825aa680d8e8e068,False
301,153b0fe8575ff1a17768319ba6dbaa5c,9fad27812c03e518c04b4f6f326584cb,False
302,153b0fe8575ff1a17768319ba6dbaa5c,cc53474a60e9e4a7c324d0d0d732ee9a,False
303,153b0fe8575ff1a17768319ba6dbaa5c,3612aaf6926602e7d2d3ae7cdd7ab44d,False
304,153b0fe8575ff1a17768319ba6dbaa5c,88f73fb92671e83d058a952d27e96114,False
305,153b0fe8575ff1a17768319ba6dbaa5c,4b3d6c31280857d0c360144d4b25186a,False
306,153b0fe8575ff1a17768319ba6dbaa5c,9f185f3b402e882b8c86bf2eafb9c19c,False
307,153b0fe8575ff1a17768319ba6dbaa5c,bed73f644a2534b0cbecbecf26afff12,False
308,153b0fe8575ff1a17768319ba6dbaa5c,ad51b180c0751d1d1576fe4a3c5cdb95,False
309,153b0fe8575ff1a17768319ba6dbaa5c,da9b239dca9b8b03825aa680d8e8e068,False
310,153b0fe8575ff1a17768319ba6dbaa5c,9fad27812c03e518c04b4f6f326584cb,False
311,153b0fe8575ff1a17768319ba6dbaa5c,cc53474a60e9e4a7c324d0d0d732ee9a,False
312,4c5234a24a4a21ca98f74d15b3dfb4a7,f846d8a192affe8580eacd18e4e27897,True
313,5db7806bf62bf80bdd9a17199d6d2b08,d1e9f509063984326570cf603c5654f2,True
314,5db7806bf62bf80bdd9a17199d6d2b08,d1e9f509063984326570cf603c5654f2,True
315,d7d67aebcb007199c87fce9b7fb4ce62,76b410b314b455d86dfa098c97b8acf6,True
316,d7d67aebcb007199c87fce9b7fb4ce62,76b410b314b455d86dfa098c97b8acf6,True
317,973b5f2ce28a818e31d6148147feb6fc,4a682d67bea887e5bb1ade2bd137489e,False
318,973b5f2ce28a818e31d6148147feb6fc,fa9a13fa6cca3c96869930f0b483b484,True
319,973b5f2ce28a818e31d6148147feb6fc,4a682d67bea887e5bb1ade2bd137489e,False
320,973b5f2ce28a818e31d6148147feb6fc,fa9a13fa6cca3c96869930f0b483b484,True
321,ceeb65e769fd592cbc9caad267cbe4fe,9fec34311ea03c4a5c221e65b1d881ba,False
322,ceeb65e769fd592cbc9caad267cbe4fe,b296a3d650890adf429c2fc6059b3e80,False
323,ceeb65e769fd592cbc9caad267cbe4fe,a24df2b3ed52e11c447a1a8639bdaf72,False
324,ceeb65e769fd592cbc9caad267cbe4fe,45b77ce6f5a311ed3c15e4a32c2ced49,False
325,ceeb65e769fd592cbc9caad267cbe4fe,227a25ceed1eb22ffb5fb5716b8d9d43,False
326,ceeb65e769fd592cbc9caad267cbe4fe,33f0cf6c643bc5269ca751926d9fb3e3,False
327,ceeb65e769fd592cbc9caad267cbe4fe,f0299a9a914b3a997c2fcbbbac8d627c,False
328,ceeb65e769fd592cbc9caad267cbe4fe,c8c457c36df635281dff6e49d86df1d3,False
329,ceeb65e769fd592cbc9caad267cbe4fe,d07f6401c9e4941066bce431edd91edc,False
330,ceeb65e769fd592cbc9caad267cbe4fe,66714459648e063073aa34a311b280d6,False
331,ceeb65e769fd592cbc9caad267cbe4fe,9fec34311ea03c4a5c221e65b1d881ba,False
332,ceeb65e769fd592cbc9caad267cbe4fe,b296a3d650890adf429c2fc6059b3e80,False
333,ceeb65e769fd592cbc9caad267cbe4fe,a24df2b3ed52e11c447a1a8639bdaf72,False
334,ceeb65e769fd592cbc9caad267cbe4fe,45b77ce6f5a311ed3c15e4a32c2ced49,False
335,ceeb65e769fd592cbc9caad267cbe4fe,227a25ceed1eb22ffb5fb5716b8d9d43,False
336,ceeb65e769fd592cbc9caad267cbe4fe,33f0cf6c643bc5269ca751926d9fb3e3,False
337,ceeb65e769fd592cbc9caad267cbe4fe,f0299a9a914b3a997c2fcbbbac8d627c,False
338,ceeb65e769fd592cbc9caad267cbe4fe,c8c457c36df635281dff6e49d86df1d3,False
339,ceeb65e769fd592cbc9caad267cbe4fe,d07f6401c9e4941066bce431edd91edc,False
340,ceeb65e769fd592cbc9caad267cbe4fe,66714459648e063073aa34a311b280d6,False
341,52fab90faa97ba44dfde29e1fe740f48,91a46cd9228c04e77df05536a036824b,False
342,52fab90faa97ba44dfde29e1fe740f48,5d59784e70a74d4f44c729afff22668c,True
343,52fab90faa97ba44dfde29e1fe740f48,91a46cd9228c04e77df05536a036824b,False
344,52fab90faa97ba44dfde29e1fe740f48,5d59784e70a74d4f44c729afff22668c,True
345,1e56c595c3f0e1cf126a80e00fd31c54,33c0ce043ae331ea23fc80023428e534,True
346,1e56c595c3f0e1cf126a80e00fd31c54,33c0ce043ae331ea23fc80023428e534,True
347,6f87add44880de684e6a9a5625344bbb,aa93e53df10842c13348a334c8fe423f,True
348,6f87add44880de684e6a9a5625344bbb,aa93e53df10842c13348a334c8fe423f,True
349,dd7adfb071228435eb2bb1699148a1de,c40da13b509a43ba96d3a6832f79bf71,True
350,63f76011c6ec7e982376e6aae3b68f52,,
351,63f76011c6ec7e982376e6aae3b68f52,,
352,5f13e1e3140b58650018ec44ecad720c,eb961e5dc50239d35f5398903c64e2b9,True
353,5f13e1e3140b58650018ec44ecad720c,eb961e5dc50239d35f5398903c64e2b9,True
354,eab886535f3451fc21aaefc0193f02bc,,
355,5675bd912880943c5d1a685689583ab2,18b8ab61674cf05024456cde49ac67bb,True
356,ae97b76308cc66379e3cab55ca3c86ad,704d16116f29994ab0e714f4afdb5516,True
357,ae97b76308cc66379e3cab55ca3c86ad,704d16116f29994ab0e714f4afdb5516,True
358,63c9ad59d1db51551989d7dabd36dea9,bafcb8882be3c213101755a0468f3620,False
359,63c9ad59d1db51551989d7dabd36dea9,f90ca327ace4f28721be1c39c77d8834,True
360,63c9ad59d1db51551989d7dabd36dea9,bafcb8882be3c213101755a0468f3620,False
361,63c9ad59d1db51551989d7dabd36dea9,f90ca327ace4f28721be1c39c77d8834,True
362,5b8a17e92defe510fa91b3a97a728831,c055073b856584f5ddce4d491d7f8e46,False
363,5b8a17e92defe510fa91b3a97a728831,c8c9c667b0f1865e695f35f8a335114e,False
364,5b8a17e92defe510fa91b3a97a728831,8940307f0a6d32bb455c533ef1bb9ad7,False
365,5b8a17e92defe510fa91b3a97a728831,73ed11060cdd5c0488b8332b015e58b6,False
366,5b8a17e92defe510fa91b3a97a728831,ec322752b787911a08e0d24e7be0e2cf,False
367,5b8a17e92defe510fa91b3a97a728831,ae422532f260b3d6fc662aae69b05d33,False
368,5b8a17e92defe510fa91b3a97a728831,c055073b856584f5ddce4d491d7f8e46,False
369,5b8a17e92defe510fa91b3a97a728831,c8c9c667b0f1865e695f35f8a335114e,False
370,5b8a17e92defe510fa91b3a97a728831,8940307f0a6d32bb455c533ef1bb9ad7,False
371,5b8a17e92defe510fa91b3a97a728831,73ed11060cdd5c0488b8332b015e58b6,False
372,5b8a17e92defe510fa91b3a97a728831,ec322752b787911a08e0d24e7be0e2cf,False
373,5b8a17e92defe510fa91b3a97a728831,ae422532f260b3d6fc662aae69b05d33,False
374,413402fca1843c88670022fd9b68ff7e,7b4d9ca7452ea1303ecca268db1fccba,True
375,67e0c7c0d20b19968d7d80481e73d5e6,,
376,67e0c7c0d20b19968d7d80481e73d5e6,,
377,81d90d9fab5f520f436330e5647bb593,,
378,d90737b6f1563e164f8a30b4315205a0,c40da13b509a43ba96d3a6832f79bf71,True
379,61b3818a8c762a5708b275a714360608,fa36a7642e7ad956a1adb34a32e6b880,False
380,61b3818a8c762a5708b275a714360608,f0756a219fe767153cbbd71a3d64e1b8,False
381,61b3818a8c762a5708b275a714360608,e786598a1f2c924a14888f2d4186e25a,False
382,61b3818a8c762a5708b275a714360608,f8b4a0afe8124c577147c8ea440a8a58,False
383,61b3818a8c762a5708b275a714360608,47ecb002dbef8cd5486bda5fa5ea54fb,False
384,61b3818a8c762a5708b275a714360608,c5504a3ee07a8ecb2412879517af0c92,False
385,61b3818a8c762a5708b275a714360608,f2cd356ef2b509dee2f853ae27e5c33d,False
386,61b3818a8c762a5708b275a714360608,0d348c2d60bb3ce8e48f3fbf16fd628f,False
387,61b3818a8c762a5708b275a714360608,7590cb11b883d02dbe9e907903828c8a,False
388,61b3818a8c762a5708b275a714360608,32542b32d6e52f518e610d9f808600b1,False
389,61b3818a8c762a5708b275a714360608,fa36a7642e7ad956a1adb34a32e6b880,False
390,61b3818a8c762a5708b275a714360608,f0756a219fe767153cbbd71a3d64e1b8,False
391,61b3818a8c762a5708b275a714360608,e786598a1f2c924a14888f2d4186e25a,False
392,61b3818a8c762a5708b275a714360608,f8b4a0afe8124c577147c8ea440a8a58,False
393,61b3818a8c762a5708b275a714360608,47ecb002dbef8cd5486bda5fa5ea54fb,False
394,61b3818a8c762a5708b275a714360608,c5504a3ee07a8ecb2412879517af0c92,False
395,61b3818a8c762a5708b275a714360608,f2cd356ef2b509dee2f853ae27e5c33d,False
396,61b3818a8c762a5708b275a714360608,0d348c2d60bb3ce8e48f3fbf16fd628f,False
397,61b3818a8c762a5708b275a714360608,7590cb11b883d02dbe9e907903828c8a,False
398,61b3818a8c762a5708b275a714360608,32542b32d6e52f518e610d9f808600b1,False
399,5a7c5763aebc834b79aefd375bef42df,2dc005024c64b82e95e6e69d56407c0e,True
400,5a7c5763aebc834b79aefd375bef42df,2dc005024c64b82e95e6e69d56407c0e,True
401,6ac9437b59ae40a20a52521f067ce9eb,,
402,b6426e91da0b8406ad86d294e5109130,5018361bf80fb257d39cea6f4425bbae,True
403,0736735768692d6ca0cd96149b743be1,5d111a1db2f18d507d23e79b993e1e4a,True
404,b4a975cb708bf442ceeb4ad2377024f4,ee6e44b3e6cb77ef1806e722390a01a8,True
405,34e7063ba681c9218a2566c3659abd26,7b15d0833426852e59a08f6c6a75f4d8,True
406,34e7063ba681c9218a2566c3659abd26,7b15d0833426852e59a08f6c6a75f4d8,True
407,6e01336a906c182d102d0838b0c6a703,,
408,6e01336a906c182d102d0838b0c6a703,,
409,4318b88da67256edae9fd876b5111e4a,bbcad31a55b1710dd5f889be8f63b62b,True
410,4318b88da67256edae9fd876b5111e4a,bbcad31a55b1710dd5f889be8f63b62b,True
411,f4333f83c8aadb7ea132844e7d0097fb,eb961e5dc50239d35f5398903c64e2b9,True
412,f4333f83c8aadb7ea132844e7d0097fb,eb961e5dc50239d35f5398903c64e2b9,True
413,ca7536cd24caab1cac3b0f18bc1b6c19,,
414,b6773910c8802ec2c42df963666b556e,9b5b46efb9576cf2063b1803c9054308,False
415,b6773910c8802ec2c42df963666b556e,a483dd481580fd0dfc3e5aa00426ab58,True
416,0dad96d381eab1a598b76038385e593f,a95f2c79bb637141f7e6874eddc8e274,True
417,0dad96d381eab1a598b76038385e593f,a95f2c79bb637141f7e6874eddc8e274,True
418,ec85791b4b73e76bf32bb40bad60fb50,f1f1237c0919d3cdd1a4bb41b8dafe49,False
419,ec85791b4b73e76bf32bb40bad60fb50,cbf39c19a91477c58837d0b7bd292c7a,False
420,ec85791b4b73e76bf32bb40bad60fb50,e5d10919cabfcdd9bce5a3ed06bbeb6e,False
421,76584f2fe8e8ec215d78b83296461bbf,dd3e6da115fd13eee62d9a4fba2324ae,True
422,76584f2fe8e8ec215d78b83296461bbf,dd3e6da115fd13eee62d9a4fba2324ae,True
423,2e3a27e44e6120749dbfb45b61a8143c,,
424,2e3a27e44e6120749dbfb45b61a8143c,,
425,28149f2d6529caf71ca9658f85052563,,
426,b7227f0ddb99ee5aaa3aec9d48d10a83,a69367866979f878635b2b665a6a7e0c,True
427,b7227f0ddb99ee5aaa3aec9d48d10a83,a69367866979f878635b2b665a6a7e0c,True
428,eb7483e17dc656d065ed2c1595663998,33c0ce043ae331ea23fc80023428e534,True
429,eb7483e17dc656d065ed2c1595663998,33c0ce043ae331ea23fc80023428e534,True
430,0536392b277ce49babbfc42ec3fa6d7e,,
431,3fe18ec025f612ca2c5308d4c234da50,faa1acc13943ee9d365b6cc6a3ea889f,True
432,4e1fd30d374f3e8987b32b71bfae5949,80b8c2c7e22ea60445b4d0313c8169ee,False
433,4e1fd30d374f3e8987b32b71bfae5949,cd3cd77eec0fc514b236597aee14c508,True
434,e17ba1b3691762d0e9b6d6eef2a99845,,
435,e17ba1b3691762d0e9b6d6eef2a99845,,
436,83886790424cd10f6b50159ef50555ed,dd3e6da115fd13eee62d9a4fba2324ae,True
437,83886790424cd10f6b50159ef50555ed,dd3e6da115fd13eee62d9a4fba2324ae,True
438,b4ed22922fe9efcc68bb656da04052cb,bb10cd1926335fb8fb20bfc041337681,True
439,af16e83a3c0e399844774fd8a8eac084,,
440,af16e83a3c0e399844774fd8a8eac084,,
441,f5e37d024e028f1beae9d384630b8107,6ab211e1ca46633ceaeba0ae6f385538,False
442,f5e37d024e028f1beae9d384630b8107,85dcbf66b078d61015a6e1c1f971d7d8,True
443,f5e37d024e028f1beae9d384630b8107,6ab211e1ca46633ceaeba0ae6f385538,False
444,f5e37d024e028f1beae9d384630b8107,85dcbf66b078d61015a6e1c1f971d7d8,True
445,03e1ae44e4c4a92ded0c1960336b83af,6ab211e1ca46633ceaeba0ae6f385538,False
446,03e1ae44e4c4a92ded0c1960336b83af,85dcbf66b078d61015a6e1c1f971d7d8,True
447,03e1ae44e4c4a92ded0c1960336b83af,6ab211e1ca46633ceaeba0ae6f385538,False
448,03e1ae44e4c4a92ded0c1960336b83af,85dcbf66b078d61015a6e1c1f971d7d8,True
449,6637c8d12f79bc927c1014d5a55c98f5,,
450,69a0ada10f4f119f99ce5f66cf3b1a94,e375a44f5cf5457c8f9b1132574c2436,True
451,69a0ada10f4f119f99ce5f66cf3b1a94,8f27d93b71147597f38de827f233930e,True
452,670885433c560930ba4d39eed22db604,6204c98529c482e1bb3816559775dc54,True
453,6ae8dd70fa2de19016fcb9c81afc11c7,d8ec264c4660ef7053764f71ae1789d0,True
454,8e549f307987dbb78a5c974adf4c778d,8b205b7d32b404e39106405cfc0beaad,True
455,8e549f307987dbb78a5c974adf4c778d,8b205b7d32b404e39106405cfc0beaad,True
456,ad5c82405456343b3babecc86ec42afc,2f9777369594ff09a82bd51f6251ed83,True
457,ad5c82405456343b3babecc86ec42afc,2f9777369594ff09a82bd51f6251ed83,True
458,d2514a9f220952cf2dd75796206eeb11,bbcad31a55b1710dd5f889be8f63b62b,True
459,d2514a9f220952cf2dd75796206eeb11,bbcad31a55b1710dd5f889be8f63b62b,True
460,728dad922b801816202d149c6ff21260,,
461,b2edd3796b6ee0e0d3af9c12646e1120,8c5e705001d5cc1c40dbd963ad848486,True
462,b2edd3796b6ee0e0d3af9c12646e1120,8c5e705001d5cc1c40dbd963ad848486,True
463,434243c3ccff2face69c37fe86d53b4f,4a682d67bea887e5bb1ade2bd137489e,False
464,434243c3ccff2face69c37fe86d53b4f,fa9a13fa6cca3c96869930f0b483b484,True
465,434243c3ccff2face69c37fe86d53b4f,4a682d67bea887e5bb1ade2bd137489e,False
466,434243c3ccff2face69c37fe86d53b4f,fa9a13fa6cca3c96869930f0b483b484,True
467,01160f557b3544a163184137530ededf,4608ccb9df2505ed8f3ffe02451b4a19,True
468,1f03636598bfb7d3bb0bfccf0a252e36,85fa094cbdb29173e0a3463dce0790fc,True
469,00f1fbb3ecfcaaf4d8d54a7866b0fcad,0219f5ba7743f0fc59d027eb23c5187d,True
470,684298a7417f9edfbcb6fc3a3284f367,,
471,684298a7417f9edfbcb6fc3a3284f367,,
472,21fe1cf97052ee3d986b5ccb4e8efe86,a69367866979f878635b2b665a6a7e0c,True
473,21fe1cf97052ee3d986b5ccb4e8efe86,a69367866979f878635b2b665a6a7e0c,True
474,874f0a1f0cc1e539e9dbe148cab9c6a8,,
475,874f0a1f0cc1e539e9dbe148cab9c6a8,,
476,0818138c21aec83ce786e7b4f6013dfa,5142449a30ccd20c7fb8a997d2b739c3,False
477,180dd06ae35a0fc771f0afe5deefcf23,79022070eab3517655e57a85b2438e7a,True
478,180dd06ae35a0fc771f0afe5deefcf23,79022070eab3517655e57a85b2438e7a,True
479,d2f1ba23eddf1484f4a794444a6536ee,4608ccb9df2505ed8f3ffe02451b4a19,True
480,b6b32eb10eebc3c8bd8f5c57060acef6,,
481,b6b32eb10eebc3c8bd8f5c57060acef6,,
482,ec88a6b161dce97a2361b1479c69a036,aaedb5272190e61bf557d3b0a1bc591f,True
483,ec88a6b161dce97a2361b1479c69a036,8d6cb8fe53f4e885ffae4a09d1207d1b,True
484,e6fd525b837f4cf736c8af830f4f750f,c1bf80acd22b81337bb062a48f1b70d5,False
485,e6fd525b837f4cf736c8af830f4f750f,0ed73c76a9b09d837428693e514329f6,False
486,e6fd525b837f4cf736c8af830f4f750f,420954d18a53af4fb9d3a44bdf7e7d1b,False
487,e6fd525b837f4cf736c8af830f4f750f,dffbf2faadf146d221d5c92bccadbda1,False
488,e6fd525b837f4cf736c8af830f4f750f,63d000170e475af142f6e8673de5eb0f,False
489,e6fd525b837f4cf736c8af830f4f750f,c1bf80acd22b81337bb062a48f1b70d5,False
490,e6fd525b837f4cf736c8af830f4f750f,0ed73c76a9b09d837428693e514329f6,False
491,e6fd525b837f4cf736c8af830f4f750f,420954d18a53af4fb9d3a44bdf7e7d1b,False
492,e6fd525b837f4cf736c8af830f4f750f,dffbf2faadf146d221d5c92bccadbda1,False
493,e6fd525b837f4cf736c8af830f4f750f,63d000170e475af142f6e8673de5eb0f,False
494,421007293469db7b528ce6478c00348d,dd3e6da115fd13eee62d9a4fba2324ae,True
495,421007293469db7b528ce6478c00348d,dd3e6da115fd13eee62d9a4fba2324ae,True
496,751354e77f1b6a7b66756c3394fab096,,
497,751354e77f1b6a7b66756c3394fab096,,
498,06ff98c01295ca5ea504a676f73f9a09,42ab155ddff1d33fe1c505c067828614,True
499,06ff98c01295ca5ea504a676f73f9a09,fc5560162deab57641085cdf8bcdfe87,True
500,06ff98c01295ca5ea504a676f73f9a09,42ab155ddff1d33fe1c505c067828614,True
501,06ff98c01295ca5ea504a676f73f9a09,fc5560162deab57641085cdf8bcdfe87,True
502,a8652e9e3c545e61e1ffe9d54a8f1fd2,ed630484e46ea49b319c0e1f92140059,True
503,344179be08a7ec69aeaf28af0f1f8851,8f127a10d370ddfbc902313f248721c3,True
504,2f7fd2a7aeb375ea5ec0ea0e74a82d85,0b1017f6a9d71c4e75125e7144b62795,True
505,f21984fb4a908c1adfa921fbcaca8788,d1e9f509063984326570cf603c5654f2,True
506,f21984fb4a908c1adfa921fbcaca8788,d1e9f509063984326570cf603c5654f2,True
507,1ee969676fc2b7081e6d4c6db6eccd74,85fa094cbdb29173e0a3463dce0790fc,True
508,d97b9b0aa1c0c6929d0db414e1d67825,7479e6dbfa3b3a8e1e2d4f78cbe0f9e4,True
509,d97b9b0aa1c0c6929d0db414e1d67825,7479e6dbfa3b3a8e1e2d4f78cbe0f9e4,True
510,6c75548f017fe5891f2ddc91566565f0,e1171604e460c7b84a44f0468082c8dd,False
511,6c75548f017fe5891f2ddc91566565f0,171d35f4f8db5b410a001045eed1d3da,False
512,6c75548f017fe5891f2ddc91566565f0,ba11361a61f3a885c27156237dd9c9f6,False
513,ae02b93727dfa7e20f67b2b710a0cd05,,
514,010de4f74fcc5f53c5f92b51a23853db,,
515,a235a7a061277616500de3ee8ab4d02e,,
516,61e800af49715fa70ec90a7c53f3c389,2e95434aa32d2d4da9727cbe7bb4f126,False
517,61e800af49715fa70ec90a7c53f3c389,9cc96f659ef50c6f5f6dc137298d2679,False
518,61e800af49715fa70ec90a7c53f3c389,7a54719c651ddfcc3812384d86f8c618,False
519,61e800af49715fa70ec90a7c53f3c389,f7ae52364c8388a092e652d79d30f094,False
520,61e800af49715fa70ec90a7c53f3c389,7955946bb6a7b2b0fd1a0afed3cc6db6,False
521,61e800af49715fa70ec90a7c53f3c389,deae524c6fe465ab88ed6991b0a0a7a3,False
522,61e800af49715fa70ec90a7c53f3c389,dd7bb6002ef60fbdcb2024780faf7167,False
523,61e800af49715fa70ec90a7c53f3c389,210c9ad9df67d1cef83a998654c1099e,False
524,61e800af49715fa70ec90a7c53f3c389,a76dd61985a15f97185970462814aa93,False
525,61e800af49715fa70ec90a7c53f3c389,24940de3dc488f9467de6a3a29637922,False
526,61e800af49715fa70ec90a7c53f3c389,2e95434aa32d2d4da9727cbe7bb4f126,False
527,61e800af49715fa70ec90a7c53f3c389,9cc96f659ef50c6f5f6dc137298d2679,False
528,61e800af49715fa70ec90a7c53f3c389,7a54719c651ddfcc3812384d86f8c618,False
529,61e800af49715fa70ec90a7c53f3c389,f7ae52364c8388a092e652d79d30f094,False
530,61e800af49715fa70ec90a7c53f3c389,7955946bb6a7b2b0fd1a0afed3cc6db6,False
531,61e800af49715fa70ec90a7c53f3c389,deae524c6fe465ab88ed6991b0a0a7a3,False
532,61e800af49715fa70ec90a7c53f3c389,dd7bb6002ef60fbdcb2024780faf7167,False
533,61e800af49715fa70ec90a7c53f3c389,210c9ad9df67d1cef83a998654c1099e,False
534,61e800af49715fa70ec90a7c53f3c389,a76dd61985a15f97185970462814aa93,False
535,61e800af49715fa70ec90a7c53f3c389,24940de3dc488f9467de6a3a29637922,False
536,811f5f5929e4ccb954817512b5322cf3,f4f6e6614dd5645a37eae9dee1d6bbef,True
537,394852db8fe78f70865b881d5ad40f45,26e1f2991c6f67fa10e9670f1bc0da6a,True
538,26e974de5c9f0cab8448cd4d40724f78,,
539,26e974de5c9f0cab8448cd4d40724f78,,
540,a5d44a5b1192dc77d20dfc27bb15ee50,,
541,a5d44a5b1192dc77d20dfc27bb15ee50,,
542,ea20048a69ef82eefc68821a652e5208,,
543,ea20048a69ef82eefc68821a652e5208,,
544,9f906b3f7f6aedf7fb594bd25157cc26,,
545,f3c71aa5a83d255ac8dfd77601e24242,7199675050ce69bc8c4812005ff086f9,True
546,c91f72efe7dd4e45c30d8f3dc0136d47,,
547,670135e38ac4107e0d07dae1bdcf4936,aa93e53df10842c13348a334c8fe423f,True
548,670135e38ac4107e0d07dae1bdcf4936,aa93e53df10842c13348a334c8fe423f,True
549,a44a78bfbe0e702cdc172707b6061a16,8b65acdfecc504e9a96c84643c3ab02c,True
550,df632b6997b70d3f0bb2e664a31c6878,,
551,c262d4bcc789ec58ffbaaca4fd6f1a10,,
552,98933ae2f426d5f29ca159a22c3fc108,,
553,98933ae2f426d5f29ca159a22c3fc108,,
554,2100db577dfa010580c35518472e0e7f,8c5e705001d5cc1c40dbd963ad848486,True
555,2100db577dfa010580c35518472e0e7f,8c5e705001d5cc1c40dbd963ad848486,True
556,2a8f9054ab7f39fac1fc05444d7d3eb6,5e431ecbc2a5ff334d6407e924ebaf7a,False
557,a0810df5aa077448298477f9877984b5,e7abfa80618f6dffe82267a6ea144c5a,True
558,1bb63db033b3f7206a4d8c4ac4db1564,f7a8e78dea9cf70735059e8b4a179701,True
559,a4477ee85ea420ae82b892ae936b43c4,9457860c1b69f7ec3e51a6b648eabf13,True
560,a4477ee85ea420ae82b892ae936b43c4,9457860c1b69f7ec3e51a6b648eabf13,True
561,afdcf5ff7776fb4463af8f251b57eb36,037bd05ee4446a6fb235e91f4334a0d5,False
562,afdcf5ff7776fb4463af8f251b57eb36,e5b9ccbb265069b0e9cb3098b875e2e1,False
563,2bf974f7e42b15a8762ffb37b8211398,,
564,215f1050fc286dcc579edfd9c2494de1,c0d35eeb9250850a05b3faf02ee2a083,False
565,215f1050fc286dcc579edfd9c2494de1,1a1dfd09fba17916553ab01d60f01e5c,False
566,215f1050fc286dcc579edfd9c2494de1,9ffb9c700cb48d493520eea8db292cbf,False
567,3a4fb23a49fba2647dba2b8f57976d25,a4a9c03e47ebab4a0a63b64238e19c5b,False
568,3a4fb23a49fba2647dba2b8f57976d25,0737895053a2653f92d205ffc4115629,False
569,3a4fb23a49fba2647dba2b8f57976d25,7547ff101d7b915d06daff072c17456a,False
570,3a4fb23a49fba2647dba2b8f57976d25,d84fb871861bf966850943b4ab2a9134,False
571,3a4fb23a49fba2647dba2b8f57976d25,a4a9c03e47ebab4a0a63b64238e19c5b,False
572,3a4fb23a49fba2647dba2b8f57976d25,0737895053a2653f92d205ffc4115629,False
573,3a4fb23a49fba2647dba2b8f57976d25,7547ff101d7b915d06daff072c17456a,False
574,3a4fb23a49fba2647dba2b8f57976d25,d84fb871861bf966850943b4ab2a9134,False
575,e75d8b31cfdc5f412d3cdbc2441dc352,c6bb00096b0cf40751f9d6003fb730c7,True
576,1755c89573c4b5839396402b7e007d3f,98fd7493f62883b748e0f37885be0f07,True
577,430d293b06262915f1a15663cf7bfcde,,
578,430d293b06262915f1a15663cf7bfcde,,
579,676d7aa78c6ff2b18aca7c7d020d0928,200aad1a5d236d4bc6239797c7da5a91,False
580,fa18feb84ec1c2fd66286ac47da24b9c,91a46cd9228c04e77df05536a036824b,False
581,fa18feb84ec1c2fd66286ac47da24b9c,5d59784e70a74d4f44c729afff22668c,True
582,fa18feb84ec1c2fd66286ac47da24b9c,91a46cd9228c04e77df05536a036824b,False
583,fa18feb84ec1c2fd66286ac47da24b9c,5d59784e70a74d4f44c729afff22668c,True
584,c8c9873c9041b3bc3b75fb71f887e1c0,ebda027fc8dfcecfc50b6995f76f600c,False
585,c8c9873c9041b3bc3b75fb71f887e1c0,434e7d00271b96eed95257c2407d77de,False
586,fb71322290f359a730b709e2c58f8897,8ab4349a5f0e5a9a6e14c61e13d1fc88,False
587,fb71322290f359a730b709e2c58f8897,f904902d46f82662516299715ec10664,False
588,fb71322290f359a730b709e2c58f8897,41e7de8f734d2f1fe3080db1e4aa67b1,False
589,fb71322290f359a730b709e2c58f8897,5eccfc45d1d5bafaa33b25b5841765e5,False
590,fb71322290f359a730b709e2c58f8897,abb8abbdc786414a3d7895c8ac3f6004,False
591,fb71322290f359a730b709e2c58f8897,7f3b790a4b05eadf3ce3a78e3bc775c4,False
592,fb71322290f359a730b709e2c58f8897,8ab4349a5f0e5a9a6e14c61e13d1fc88,False
593,fb71322290f359a730b709e2c58f8897,f904902d46f82662516299715ec10664,False
594,fb71322290f359a730b709e2c58f8897,41e7de8f734d2f1fe3080db1e4aa67b1,False
595,fb71322290f359a730b709e2c58f8897,5eccfc45d1d5bafaa33b25b5841765e5,False
596,fb71322290f359a730b709e2c58f8897,abb8abbdc786414a3d7895c8ac3f6004,False
597,fb71322290f359a730b709e2c58f8897,7f3b790a4b05eadf3ce3a78e3bc775c4,False
598,1c9310ad74bdebc6983fb1bda3dcaa6e,eb961e5dc50239d35f5398903c64e2b9,True
599,1c9310ad74bdebc6983fb1bda3dcaa6e,eb961e5dc50239d35f5398903c64e2b9,True
600,45aadbf99c097775e6004a978b5a731b,33c0ce043ae331ea23fc80023428e534,True
601,45aadbf99c097775e6004a978b5a731b,33c0ce043ae331ea23fc80023428e534,True
602,33874bc3c95b6b41cbc387d2826d88eb,d1e9f509063984326570cf603c5654f2,True
603,33874bc3c95b6b41cbc387d2826d88eb,d1e9f509063984326570cf603c5654f2,True
604,52ef1c33a11494b43d8979e0e6057caa,2be7392c6b79793862c1f49f369b0d52,False
605,52ef1c33a11494b43d8979e0e6057caa,214b4ce624467a39019d54ffb1e95f29,False
606,52ef1c33a11494b43d8979e0e6057caa,ac8e7d1dce376b25e5ac97f9f29ac0ed,False
607,52ef1c33a11494b43d8979e0e6057caa,5044fc738f8352b2e527daec45e1572d,False
608,52ef1c33a11494b43d8979e0e6057caa,0717f6d88d69565bceb233bdbe19f0e3,False
609,52ef1c33a11494b43d8979e0e6057caa,39331497ab35a84812e04389e8f402d2,False
610,52ef1c33a11494b43d8979e0e6057caa,2be7392c6b79793862c1f49f369b0d52,False
611,52ef1c33a11494b43d8979e0e6057caa,214b4ce624467a39019d54ffb1e95f29,False
612,52ef1c33a11494b43d8979e0e6057caa,ac8e7d1dce376b25e5ac97f9f29ac0ed,False
613,52ef1c33a11494b43d8979e0e6057caa,5044fc738f8352b2e527daec45e1572d,False
614,52ef1c33a11494b43d8979e0e6057caa,0717f6d88d69565bceb233bdbe19f0e3,False
615,52ef1c33a11494b43d8979e0e6057caa,39331497ab35a84812e04389e8f402d2,False
616,d34eb3a317ac17d6f01b958cb2276793,bbcad31a55b1710dd5f889be8f63b62b,True
617,d34eb3a317ac17d6f01b958cb2276793,bbcad31a55b1710dd5f889be8f63b62b,True
618,44e000e126de84b52bb103666c8e8f83,,
619,94bf99bf1a1220192fee134a616ddee2,020117a381ac84a941c974b939ea3115,True
620,b8f2f968030b16280a77795a6babaf16,d8ec264c4660ef7053764f71ae1789d0,True
621,e16384faf175ed7196aa262f5c602275,a8560706a0a6bcffd974ed4dd8082571,True
622,e16384faf175ed7196aa262f5c602275,a8560706a0a6bcffd974ed4dd8082571,True
623,1ef4a756160bd478823f7f400c3d3709,4b5a93e363f3b3ebd3bd3fd69df55000,False
624,1ef4a756160bd478823f7f400c3d3709,fec67f14c8b94345d4733f950102a0b8,False
625,1ef4a756160bd478823f7f400c3d3709,1029aecbe23f4c48b22d1d51d8b4d985,False
626,1ef4a756160bd478823f7f400c3d3709,e019d79dd2a2144f7772ce1fb11c2245,False
627,1ef4a756160bd478823f7f400c3d3709,31c38b51c975d50d7faeb829507223ff,False
628,1ef4a756160bd478823f7f400c3d3709,4b5a93e363f3b3ebd3bd3fd69df55000,False
629,1ef4a756160bd478823f7f400c3d3709,fec67f14c8b94345d4733f950102a0b8,False
630,1ef4a756160bd478823f7f400c3d3709,1029aecbe23f4c48b22d1d51d8b4d985,False
631,1ef4a756160bd478823f7f400c3d3709,e019d79dd2a2144f7772ce1fb11c2245,False
632,1ef4a756160bd478823f7f400c3d3709,31c38b51c975d50d7faeb829507223ff,False
633,3b9e41fa2326a845871cd20b35efb0c0,bafcb8882be3c213101755a0468f3620,False
634,3b9e41fa2326a845871cd20b35efb0c0,f90ca327ace4f28721be1c39c77d8834,True
635,3b9e41fa2326a845871cd20b35efb0c0,bafcb8882be3c213101755a0468f3620,False
636,3b9e41fa2326a845871cd20b35efb0c0,f90ca327ace4f28721be1c39c77d8834,True
637,ccab7ac016bef55c42e1a99d28a95546,dd9c7ba448d249b4d8d99e444c592c54,True
638,ccab7ac016bef55c42e1a99d28a95546,dd9c7ba448d249b4d8d99e444c592c54,True
639,500af39b83bfa9eb27f78746734f3db9,f7a8e78dea9cf70735059e8b4a179701,True
640,88a335560ab0bc16c7d63c01d6480f3d,84db9a72aba9ae0ef740192ad8747ee3,True
641,4e54c868cca02be3a0538b03c1909c3d,bafcb8882be3c213101755a0468f3620,False
642,4e54c868cca02be3a0538b03c1909c3d,f90ca327ace4f28721be1c39c77d8834,True
643,4e54c868cca02be3a0538b03c1909c3d,bafcb8882be3c213101755a0468f3620,False
644,4e54c868cca02be3a0538b03c1909c3d,f90ca327ace4f28721be1c39c77d8834,True
645,8aedc8552f5f7d9d8482a1f98755e394,93204c7af92f0bad431735d7c9c9185a,True
646,8aedc8552f5f7d9d8482a1f98755e394,93204c7af92f0bad431735d7c9c9185a,True
647,9efdc2b203c54baad4e7c5cd99b77160,9457860c1b69f7ec3e51a6b648eabf13,True
648,9efdc2b203c54baad4e7c5cd99b77160,9457860c1b69f7ec3e51a6b648eabf13,True
649,bca20cd451bbfa8e6bc9baa048446d73,,
650,bca20cd451bbfa8e6bc9baa048446d73,,
651,065295e6e58b1d3555a261c1bfe3b3fe,b340bb5715f967aa74d1b8eaeec0d475,True
652,19be408fb97c09f603c906921d7b0945,ac1d4544ab4886b851f74b2c21952378,True
653,19be408fb97c09f603c906921d7b0945,ac1d4544ab4886b851f74b2c21952378,True
654,0b3f1cc82690a70568eeb246f97773ca,,
655,21cfe966008f784c47d0638e80b55ee0,f7a8e78dea9cf70735059e8b4a179701,True
656,155da15afc9978b62d64bf0801d025dc,bbcad31a55b1710dd5f889be8f63b62b,True
657,155da15afc9978b62d64bf0801d025dc,bbcad31a55b1710dd5f889be8f63b62b,True
658,d5ee243308d5ea913389c5b53c74e8f0,7e7d753ec5074f5d7ae987c47f1c3c0b,True
659,b2d42d1143a168014996df6d07d5bdf8,704d16116f29994ab0e714f4afdb5516,True
660,b2d42d1143a168014996df6d07d5bdf8,704d16116f29994ab0e714f4afdb5516,True
661,ce9355bc05cd0244041e0440469992a8,5ee0b172de3ea493e0da2e7f743b3631,True
662,a7612d7bb369391b04eeca67f46df883,200aad1a5d236d4bc6239797c7da5a91,False
663,fa3f5482e3502d7d5d86c61157ee6a7a,91a46cd9228c04e77df05536a036824b,False
664,fa3f5482e3502d7d5d86c61157ee6a7a,5d59784e70a74d4f44c729afff22668c,True
665,fa3f5482e3502d7d5d86c61157ee6a7a,91a46cd9228c04e77df05536a036824b,False
666,fa3f5482e3502d7d5d86c61157ee6a7a,5d59784e70a74d4f44c729afff22668c,True
667,e9ea23ec5a0dbf788fc66ecea4441550,969b81f6dfbc0ed1fc21b00e2997d441,True
668,4b0a0671bad77bc469ae000a66535f31,b1ac71625c1aba9d819fae1725c27a42,True
669,d2843a7451e51c3e76929394a75b9d19,,
670,40b8449d2e4edbf2168dfadaefd0ffe4,aaaa3d9cde1cafa3723212394d5401dc,False
671,40b8449d2e4edbf2168dfadaefd0ffe4,76e46e1fe30f3a911d3cf5c1e4530351,False
672,40b8449d2e4edbf2168dfadaefd0ffe4,4a047c555dbf896c20b96bbfe61ebf9c,False
673,40b8449d2e4edbf2168dfadaefd0ffe4,168050d20802e0c0d91fd5f51ce550da,False
674,40b8449d2e4edbf2168dfadaefd0ffe4,aaaa3d9cde1cafa3723212394d5401dc,False
675,40b8449d2e4edbf2168dfadaefd0ffe4,76e46e1fe30f3a911d3cf5c1e4530351,False
676,40b8449d2e4edbf2168dfadaefd0ffe4,4a047c555dbf896c20b96bbfe61ebf9c,False
677,40b8449d2e4edbf2168dfadaefd0ffe4,168050d20802e0c0d91fd5f51ce550da,False
678,b187c76ccb333ec1c347cbc217c09ad5,a69367866979f878635b2b665a6a7e0c,True
679,b187c76ccb333ec1c347cbc217c09ad5,a69367866979f878635b2b665a6a7e0c,True
680,645d337feb10502127a23d8a30687675,,
681,645d337feb10502127a23d8a30687675,,
682,3a0a396f8972113cc393169a9f8e5696,aeb2f6902721eb8c7d44c1c3669c640c,True
683,3a0a396f8972113cc393169a9f8e5696,aeb2f6902721eb8c7d44c1c3669c640c,True
684,055944e2ee7579974aa7a2a11dff5637,a95f2c79bb637141f7e6874eddc8e274,True
685,055944e2ee7579974aa7a2a11dff5637,a95f2c79bb637141f7e6874eddc8e274,True
686,f31df7345e5d56154ba469c6d5c477b3,a4fe3e811e2bfc795dbbb133f6b6a8a4,True
687,f31df7345e5d56154ba469c6d5c477b3,a4fe3e811e2bfc795dbbb133f6b6a8a4,True
688,4887c97a8f862dfd0927fca83772da67,ad1e17284c71a9629afd14badff6da62,False
689,4887c97a8f862dfd0927fca83772da67,f4caf0e7ea613babe895f82485a8784b,False
690,4887c97a8f862dfd0927fca83772da67,0ea4076abcbef73815a6a22519eebaf4,False
691,4887c97a8f862dfd0927fca83772da67,9a6f6ad6fc033ca6a4b994b13ddfb9ea,False
692,4887c97a8f862dfd0927fca83772da67,ad1e17284c71a9629afd14badff6da62,False
693,4887c97a8f862dfd0927fca83772da67,f4caf0e7ea613babe895f82485a8784b,False
694,4887c97a8f862dfd0927fca83772da67,0ea4076abcbef73815a6a22519eebaf4,False
695,4887c97a8f862dfd0927fca83772da67,9a6f6ad6fc033ca6a4b994b13ddfb9ea,False
696,060dfa0fdf2b840864f62d2cd1a7a456,be1303c608ed4eab17622e8d9ac22aec,False
697,060dfa0fdf2b840864f62d2cd1a7a456,47c90c3fce2f6cf310ff718db16551d1,False
698,060dfa0fdf2b840864f62d2cd1a7a456,356255b53c7262324b2e6e7c970cb4b5,False
699,060dfa0fdf2b840864f62d2cd1a7a456,698cb075e3f1d36e67dbfe6d137832ff,False
700,060dfa0fdf2b840864f62d2cd1a7a456,1f43f9c006b39fb6b3a0018df8605b09,False
701,060dfa0fdf2b840864f62d2cd1a7a456,c20c7ab11a43b791f9b00619f22732c5,False
702,85c24a9f09f198de788e4ec2afe37f29,897c8d98e62b782b81f4b1bbf85e49bc,True
703,85c24a9f09f198de788e4ec2afe37f29,897c8d98e62b782b81f4b1bbf85e49bc,True
704,8b3db0f2c19af6ab7f5a9b3afbec9c23,6c8b810d8727dfc1dba7774a26d885a5,True
705,8b3db0f2c19af6ab7f5a9b3afbec9c23,6c8b810d8727dfc1dba7774a26d885a5,True
706,9186e3ea01394e87058709a57c16189d,34dc58df212563c90d9d86782f4209ba,True
707,9186e3ea01394e87058709a57c16189d,34dc58df212563c90d9d86782f4209ba,True
708,c391f9351952a3eb3ce4b68b39f12970,85fa094cbdb29173e0a3463dce0790fc,True
709,e0148e8a78bd489d9d86c7906c184920,21043afd6be7ec258f8a9fa1577c41b5,True
710,699e1e0966bf3bc53e8a114eff9c75d0,ac8806109eb5cebc51a4c6f4c7872d1b,False
711,699e1e0966bf3bc53e8a114eff9c75d0,d0e87cb51bd723c71d053746fd0955d3,False
712,699e1e0966bf3bc53e8a114eff9c75d0,aa1d43fb2678347b1caa4046de545057,False
713,699e1e0966bf3bc53e8a114eff9c75d0,5f7ba3b64f267e48bec136da1d9e3a92,False
714,699e1e0966bf3bc53e8a114eff9c75d0,a02808d3f57cb7d17c213bb8e50f6be6,False
715,699e1e0966bf3bc53e8a114eff9c75d0,ac8806109eb5cebc51a4c6f4c7872d1b,False
716,699e1e0966bf3bc53e8a114eff9c75d0,d0e87cb51bd723c71d053746fd0955d3,False
717,699e1e0966bf3bc53e8a114eff9c75d0,aa1d43fb2678347b1caa4046de545057,False
718,699e1e0966bf3bc53e8a114eff9c75d0,5f7ba3b64f267e48bec136da1d9e3a92,False
719,699e1e0966bf3bc53e8a114eff9c75d0,a02808d3f57cb7d17c213bb8e50f6be6,False
720,053eeb782b81f78b5e41802dfe859cdb,8c5e705001d5cc1c40dbd963ad848486,True
721,053eeb782b81f78b5e41802dfe859cdb,8c5e705001d5cc1c40dbd963ad848486,True
722,98c1bc0a44802108a6dcf8ce281628a7,f5d7e14e42264bb1006b74e54782e8af,False
723,98c1bc0a44802108a6dcf8ce281628a7,85092f4602c9fb4c52e28b514cc8ff74,False
724,98c1bc0a44802108a6dcf8ce281628a7,dc8e4d17e6b725734c5e24fe2e1f966c,False
725,98c1bc0a44802108a6dcf8ce281628a7,4cdaa792d0c5cc99d47ac1d2c8903e2d,False
726,98c1bc0a44802108a6dcf8ce281628a7,e0a658a89260535c6327b617b3de42d1,False
727,98c1bc0a44802108a6dcf8ce281628a7,1c3a35015ad799eaac7416b20ddbb545,False
728,98c1bc0a44802108a6dcf8ce281628a7,84d06b86d2f8acbff00cf2532aaa0eea,False
729,98c1bc0a44802108a6dcf8ce281628a7,f5d7e14e42264bb1006b74e54782e8af,False
730,98c1bc0a44802108a6dcf8ce281628a7,85092f4602c9fb4c52e28b514cc8ff74,False
731,98c1bc0a44802108a6dcf8ce281628a7,dc8e4d17e6b725734c5e24fe2e1f966c,False
732,98c1bc0a44802108a6dcf8ce281628a7,4cdaa792d0c5cc99d47ac1d2c8903e2d,False
733,98c1bc0a44802108a6dcf8ce281628a7,e0a658a89260535c6327b617b3de42d1,False
734,98c1bc0a44802108a6dcf8ce281628a7,1c3a35015ad799eaac7416b20ddbb545,False
735,98c1bc0a44802108a6dcf8ce281628a7,84d06b86d2f8acbff00cf2532aaa0eea,False
736,de80a443ed15e1f783c68d5e0b2d7216,aa93e53df10842c13348a334c8fe423f,True
737,de80a443ed15e1f783c68d5e0b2d7216,aa93e53df10842c13348a334c8fe423f,True
738,0ca0721ae67b78b5eed7c0ef20dc6ac1,de6f369d583765b3071dd020adf323cb,False
739,0ca0721ae67b78b5eed7c0ef20dc6ac1,919145734949e60655f036c12de91f84,False
740,0ca0721ae67b78b5eed7c0ef20dc6ac1,c210f6007f6c536fd5ebc155772ac7d5,False
741,0ca0721ae67b78b5eed7c0ef20dc6ac1,ccd74c91eef91218f60edc9fa01763df,False
742,e9e74364d8d9eeaba7a7f094d33c0a66,293d9f9a1a076c616ed91d7251ec831c,True
743,72b0dc83701c045d954b457baed40697,d576f66cf4df34494679fe6351e42f47,False
744,72b0dc83701c045d954b457baed40697,7b4cccc998b392ddc9be0e963f685eea,False
745,dd21322b70f989119896aafc756ad46d,93e233e001463fea35d8617c34da098c,True
746,44658f701a738ea7d3089ea209573934,,
747,315bfcec9499735beb909f8aa83dcfeb,,
748,315bfcec9499735beb909f8aa83dcfeb,,
749,07975e1e99bcd25fef9e6c72c46a8922,4a682d67bea887e5bb1ade2bd137489e,False
750,07975e1e99bcd25fef9e6c72c46a8922,fa9a13fa6cca3c96869930f0b483b484,True
751,07975e1e99bcd25fef9e6c72c46a8922,4a682d67bea887e5bb1ade2bd137489e,False
752,07975e1e99bcd25fef9e6c72c46a8922,fa9a13fa6cca3c96869930f0b483b484,True
753,838a481d4970d865de933429868a06bc,d8ec264c4660ef7053764f71ae1789d0,True
754,fdacb21245e14fd126bfce05ae191857,657289748bd2ac58452198e5ebcb64aa,False
755,fdacb21245e14fd126bfce05ae191857,901167de8b90ee0b2748bbacc139bbd0,False
756,fdacb21245e14fd126bfce05ae191857,5e47d518f078be2553080b88d8b33323,True
757,d7204812ade29562397bb60c99216794,6ab211e1ca46633ceaeba0ae6f385538,False
758,d7204812ade29562397bb60c99216794,85dcbf66b078d61015a6e1c1f971d7d8,True
759,d7204812ade29562397bb60c99216794,6ab211e1ca46633ceaeba0ae6f385538,False
760,d7204812ade29562397bb60c99216794,85dcbf66b078d61015a6e1c1f971d7d8,True
761,ffc1e88d31396f5bd8a0b66729584e1d,8c5e705001d5cc1c40dbd963ad848486,True
762,ffc1e88d31396f5bd8a0b66729584e1d,8c5e705001d5cc1c40dbd963ad848486,True
763,99c5c80509be87d2356d19a9ed8b22ff,1197c73d127193dd493ff542890a3d3d,True
764,99c5c80509be87d2356d19a9ed8b22ff,142389945aef42b17d85cbd7bee073fd,True
765,df7b5c077c2fc442f56d8667fe8ea37c,9457860c1b69f7ec3e51a6b648eabf13,True
766,df7b5c077c2fc442f56d8667fe8ea37c,9457860c1b69f7ec3e51a6b648eabf13,True
767,a8b5f09ae183be8731349bbb72a55a4f,293d9f9a1a076c616ed91d7251ec831c,True
768,2134f530b39671bd120cd85731d51fc0,ec7cffb518a4a21025dc213ee1a27ff0,True
769,015ee234392256bfdb315299622ccb87,bbcad31a55b1710dd5f889be8f63b62b,True
770,015ee234392256bfdb315299622ccb87,bbcad31a55b1710dd5f889be8f63b62b,True
771,0487454555924b54dd3f5b5232e3c77e,c05a38c5210b870281b5aea01e290339,True
772,0487454555924b54dd3f5b5232e3c77e,eee5becc50107667d56da65627cdd43d,False
773,0487454555924b54dd3f5b5232e3c77e,6633c3ff16e4d8fbbf4cf77d85662890,False
774,0487454555924b54dd3f5b5232e3c77e,d84610f3fdde61b9064ba335f504b8ed,False
775,0487454555924b54dd3f5b5232e3c77e,2305036f1a3f97c02d2c2b086f0b7f19,False
776,0487454555924b54dd3f5b5232e3c77e,c05a38c5210b870281b5aea01e290339,True
777,0487454555924b54dd3f5b5232e3c77e,eee5becc50107667d56da65627cdd43d,False
778,0487454555924b54dd3f5b5232e3c77e,6633c3ff16e4d8fbbf4cf77d85662890,False
779,0487454555924b54dd3f5b5232e3c77e,d84610f3fdde61b9064ba335f504b8ed,False
780,0487454555924b54dd3f5b5232e3c77e,2305036f1a3f97c02d2c2b086f0b7f19,False
781,d05f3c17b4760a35266fd334292e372d,,
782,d05f3c17b4760a35266fd334292e372d,,
783,c7038c10b1766e639ce263d5a177e5fd,91a46cd9228c04e77df05536a036824b,False
784,c7038c10b1766e639ce263d5a177e5fd,5d59784e70a74d4f44c729afff22668c,True
785,c7038c10b1766e639ce263d5a177e5fd,91a46cd9228c04e77df05536a036824b,False
786,c7038c10b1766e639ce263d5a177e5fd,5d59784e70a74d4f44c729afff22668c,True
787,2630ecad17e612d15478763f5dd3184a,1458e7ee56464fe66e318c2beae03ea1,False
788,9f08125dfdae4906881b62479471d65a,7479e6dbfa3b3a8e1e2d4f78cbe0f9e4,True
789,9f08125dfdae4906881b62479471d65a,7479e6dbfa3b3a8e1e2d4f78cbe0f9e4,True
790,9b64312cac3c359e0fef53555057c996,ac1d4544ab4886b851f74b2c21952378,True
791,9b64312cac3c359e0fef53555057c996,ac1d4544ab4886b851f74b2c21952378,True
792,8704f735f701691de8ba8f88ebf01a77,4055d3ba0aca705b8ede2700ec1e2ded,False
793,8704f735f701691de8ba8f88ebf01a77,906ce8025bd07f04fe6a33d1a4daf400,False
794,8704f735f701691de8ba8f88ebf01a77,18bd23405541c88c048544e761989e6e,False
795,8704f735f701691de8ba8f88ebf01a77,23baa20238bedd84c4fc0a9d2f1f359a,False
796,8704f735f701691de8ba8f88ebf01a77,9fd74bd8a46331280751fb1c187650fd,False
797,8704f735f701691de8ba8f88ebf01a77,ee0824882092b73039e506b883e5b9d4,False
798,8704f735f701691de8ba8f88ebf01a77,96be83f891e7a528f1d213c3c5e6ea44,False
799,8704f735f701691de8ba8f88ebf01a77,4055d3ba0aca705b8ede2700ec1e2ded,False
800,8704f735f701691de8ba8f88ebf01a77,906ce8025bd07f04fe6a33d1a4daf400,False
801,8704f735f701691de8ba8f88ebf01a77,18bd23405541c88c048544e761989e6e,False
802,8704f735f701691de8ba8f88ebf01a77,23baa20238bedd84c4fc0a9d2f1f359a,False
803,8704f735f701691de8ba8f88ebf01a77,9fd74bd8a46331280751fb1c187650fd,False
804,8704f735f701691de8ba8f88ebf01a77,ee0824882092b73039e506b883e5b9d4,False
805,8704f735f701691de8ba8f88ebf01a77,96be83f891e7a528f1d213c3c5e6ea44,False
806,54a3c5b4d274f725eeb5cd0c777fd4b6,,
807,19274e67c639a003ffe17953fd6b55db,d171ff8d83f707ecca64ff159c7160a7,True
808,fdf26c991b398a26be1354543e54af23,2d3dbd5e5a3d9d5cfc7a46f06815a4eb,True
809,d990c4d6e981affd9ea3411f436ff09c,d1e9f509063984326570cf603c5654f2,True
810,d990c4d6e981affd9ea3411f436ff09c,d1e9f509063984326570cf603c5654f2,True
811,d929f24de3f19a571a23addb0dfbf355,,
812,d929f24de3f19a571a23addb0dfbf355,,
813,a0946b9a99b0940c5e9eb7587deafee5,7836968574b7676154bd7f6f4ca8ca0c,False
814,a0946b9a99b0940c5e9eb7587deafee5,aea8ac63af0e0088f28b581a3fe1a134,False
815,a0946b9a99b0940c5e9eb7587deafee5,0f68af20b23c4bfb4a2ff3766040c52e,False
816,a0946b9a99b0940c5e9eb7587deafee5,95053d8af3ec33ad69ab8996f7561289,False
817,a0946b9a99b0940c5e9eb7587deafee5,f70bd7dc2e98df0f7e45132b8be07d82,False
818,a0946b9a99b0940c5e9eb7587deafee5,0be8abcd789d41095072c703a677ff82,False
819,a0946b9a99b0940c5e9eb7587deafee5,da50aac7d281e81257954b4388a9220a,False
820,a0946b9a99b0940c5e9eb7587deafee5,b5cad1ef18d9f277276fadf61bccefc1,False
821,a0946b9a99b0940c5e9eb7587deafee5,eac48e19cf655a2046d56591ed190ccc,False
822,a0946b9a99b0940c5e9eb7587deafee5,25d5b145c9ed49f790e7cf80ba03b8f3,False
823,a0946b9a99b0940c5e9eb7587deafee5,bc68fe67a089ab19c1449de6d0703d71,False
824,a0946b9a99b0940c5e9eb7587deafee5,7836968574b7676154bd7f6f4ca8ca0c,False
825,a0946b9a99b0940c5e9eb7587deafee5,aea8ac63af0e0088f28b581a3fe1a134,False
826,a0946b9a99b0940c5e9eb7587deafee5,0f68af20b23c4bfb4a2ff3766040c52e,False
827,a0946b9a99b0940c5e9eb7587deafee5,95053d8af3ec33ad69ab8996f7561289,False
828,a0946b9a99b0940c5e9eb7587deafee5,f70bd7dc2e98df0f7e45132b8be07d82,False
829,a0946b9a99b0940c5e9eb7587deafee5,0be8abcd789d41095072c703a677ff82,False
830,a0946b9a99b0940c5e9eb7587deafee5,da50aac7d281e81257954b4388a9220a,False
831,a0946b9a99b0940c5e9eb7587deafee5,b5cad1ef18d9f277276fadf61bccefc1,False
832,a0946b9a99b0940c5e9eb7587deafee5,eac48e19cf655a2046d56591ed190ccc,False
833,a0946b9a99b0940c5e9eb7587deafee5,25d5b145c9ed49f790e7cf80ba03b8f3,False
834,a0946b9a99b0940c5e9eb7587deafee5,bc68fe67a089ab19c1449de6d0703d71,False
835,43f83f08bedac2bc4d58767362dfebe2,a95f2c79bb637141f7e6874eddc8e274,True
836,43f83f08bedac2bc4d58767362dfebe2,a95f2c79bb637141f7e6874eddc8e274,True
837,f70d71db827901040b76926a9116bcb2,c429e51920537c11fa91d1bc69085c1d,True
838,f70d71db827901040b76926a9116bcb2,c429e51920537c11fa91d1bc69085c1d,True
839,42221548e4c709628522b64d48ba0a75,4a682d67bea887e5bb1ade2bd137489e,False
840,42221548e4c709628522b64d48ba0a75,fa9a13fa6cca3c96869930f0b483b484,True
841,42221548e4c709628522b64d48ba0a75,4a682d67bea887e5bb1ade2bd137489e,False
842,42221548e4c709628522b64d48ba0a75,fa9a13fa6cca3c96869930f0b483b484,True
843,f12078029c37d00f0e9993f28d0e2883,,
844,f12078029c37d00f0e9993f28d0e2883,,
845,1b83223cf1f4446c625adbfb375ab3fd,739184f7ec84d93a35360cde81cc026c,True
846,1b83223cf1f4446c625adbfb375ab3fd,4a4c98d9dd27afd652cdab74f9952bf1,True
847,1b83223cf1f4446c625adbfb375ab3fd,739184f7ec84d93a35360cde81cc026c,True
848,1b83223cf1f4446c625adbfb375ab3fd,4a4c98d9dd27afd652cdab74f9952bf1,True
849,96c782b502cdb23122b2e7fb376d949d,84db9a72aba9ae0ef740192ad8747ee3,True
850,6d0fb7332754d87825bcbecd61426dad,e855a116375f67684fb25be9600e455b,True
851,8e107cd8b25188740d5aa2841be1565e,,
852,8e107cd8b25188740d5aa2841be1565e,,
853,24eaa9730abe57c1c22f74573b846a6f,91cfb45f5d398e950ed65786c87f4372,True
854,24eaa9730abe57c1c22f74573b846a6f,91d725656c8439a58d92ccadc01465bf,True
855,24eaa9730abe57c1c22f74573b846a6f,91cfb45f5d398e950ed65786c87f4372,True
856,24eaa9730abe57c1c22f74573b846a6f,91d725656c8439a58d92ccadc01465bf,True
857,80cc88eb3a067051d4cb0d810b7bde3f,dc005f938f6a87d57d4150bcd5a12c92,True
858,462b30ee9517a832ee0d2cdbb212acc3,,
859,dbec4be76309a37077498eb37fe49309,643a94191233f1b6ffb89873f13fa87a,False
860,d2901bfc6a228a88c42ff4c3c4fffad9,,
861,d2901bfc6a228a88c42ff4c3c4fffad9,,
862,80de47fcd4ddb11de36af71dfdfa7b90,8c5e705001d5cc1c40dbd963ad848486,True
863,80de47fcd4ddb11de36af71dfdfa7b90,8c5e705001d5cc1c40dbd963ad848486,True
864,7059a2640939695ca30fd80370465507,6b19b8025b7928aa2eb3c43c00955b93,True
865,7059a2640939695ca30fd80370465507,6b19b8025b7928aa2eb3c43c00955b93,True
866,bbe9f1a95a61f32656ed4452fed9d424,33c0ce043ae331ea23fc80023428e534,True
867,bbe9f1a95a61f32656ed4452fed9d424,33c0ce043ae331ea23fc80023428e534,True
868,bb3a9e86f6ccd6829a20960545f3ad9b,8cc6af72f27be7b6406547c64bbb2637,True
869,bb3a9e86f6ccd6829a20960545f3ad9b,8cc6af72f27be7b6406547c64bbb2637,True
870,a828f46ccc3886bbf7a55a064bb36162,cb75fa61840081ea61c83bd9d76c7061,True
871,a828f46ccc3886bbf7a55a064bb36162,cb75fa61840081ea61c83bd9d76c7061,True
872,9c059f193bb4db45250e3b5eb303eaf4,eb961e5dc50239d35f5398903c64e2b9,True
873,9c059f193bb4db45250e3b5eb303eaf4,eb961e5dc50239d35f5398903c64e2b9,True
874,1e002a7b641312095138750498a541de,4a682d67bea887e5bb1ade2bd137489e,False
875,1e002a7b641312095138750498a541de,fa9a13fa6cca3c96869930f0b483b484,True
876,1e002a7b641312095138750498a541de,4a682d67bea887e5bb1ade2bd137489e,False
877,1e002a7b641312095138750498a541de,fa9a13fa6cca3c96869930f0b483b484,True
878,46e8ffd2350efd19f771c6fb6a51f6cc,59249f23ecdcc975c90de9a1956a5285,True
879,46e8ffd2350efd19f771c6fb6a51f6cc,2fddd5c64171027565fa163280b1652a,True
880,46e8ffd2350efd19f771c6fb6a51f6cc,59249f23ecdcc975c90de9a1956a5285,True
881,46e8ffd2350efd19f771c6fb6a51f6cc,2fddd5c64171027565fa163280b1652a,True
882,1f3c6ad63a66ff87bc9daedae22dc059,,
883,1f3c6ad63a66ff87bc9daedae22dc059,,
884,7b8380782bc3f9ba8dca693909477b66,0511b3adf57a06d72d5ebe2204d076fe,False
885,7b8380782bc3f9ba8dca693909477b66,82191d372ec1318755d69f63a9798e6f,False
886,7b8380782bc3f9ba8dca693909477b66,fe7b7bc9f62453fe5c23c835fb437343,False
887,7b8380782bc3f9ba8dca693909477b66,d60d0fe9900732d48228c1587ecc0895,False
888,7b8380782bc3f9ba8dca693909477b66,3f4666e98f7458d1f3420c11046e5e56,False
889,7b8380782bc3f9ba8dca693909477b66,b8d19eb4e0421175d74749d6cd878e59,False
890,7b8380782bc3f9ba8dca693909477b66,40d55bcf8e39c4626385fd0e2c36ee18,False
891,7b8380782bc3f9ba8dca693909477b66,a49e5e08ad4de6ad215e3b298cc025ee,False
892,7b8380782bc3f9ba8dca693909477b66,89409b74d945fff98bb60afa9753cd0d,False
893,7b8380782bc3f9ba8dca693909477b66,0511b3adf57a06d72d5ebe2204d076fe,False
894,7b8380782bc3f9ba8dca693909477b66,82191d372ec1318755d69f63a9798e6f,False
895,7b8380782bc3f9ba8dca693909477b66,fe7b7bc9f62453fe5c23c835fb437343,False
896,7b8380782bc3f9ba8dca693909477b66,d60d0fe9900732d48228c1587ecc0895,False
897,7b8380782bc3f9ba8dca693909477b66,3f4666e98f7458d1f3420c11046e5e56,False
898,7b8380782bc3f9ba8dca693909477b66,b8d19eb4e0421175d74749d6cd878e59,False
899,7b8380782bc3f9ba8dca693909477b66,40d55bcf8e39c4626385fd0e2c36ee18,False
900,7b8380782bc3f9ba8dca693909477b66,a49e5e08ad4de6ad215e3b298cc025ee,False
901,7b8380782bc3f9ba8dca693909477b66,89409b74d945fff98bb60afa9753cd0d,False
902,8464b72f60b42590266834f9049055f4,84db9a72aba9ae0ef740192ad8747ee3,True
903,e71974bf2bc085ae85ac2a0b1ee6b16e,,
904,e71974bf2bc085ae85ac2a0b1ee6b16e,,
905,ee14de43eba29d0c55481a998bc3e4e1,ee6e44b3e6cb77ef1806e722390a01a8,True
906,a36cbc166280d04c3701509b2bb11c8a,a2b20bdf8e9602ea775a84cbb10472d3,True
907,a36cbc166280d04c3701509b2bb11c8a,a2b20bdf8e9602ea775a84cbb10472d3,True
908,79e94dcf00267a0fe71e88c7d1e8d3c8,eb961e5dc50239d35f5398903c64e2b9,True
909,79e94dcf00267a0fe71e88c7d1e8d3c8,eb961e5dc50239d35f5398903c64e2b9,True
910,d612208512d1c476a5efe00dde83f97e,fd57a928d9f3cee7e95d284f1d5b9935,True
911,efe5894cd09b0a411ecfe46749e6db73,dd3e6da115fd13eee62d9a4fba2324ae,True
912,efe5894cd09b0a411ecfe46749e6db73,dd3e6da115fd13eee62d9a4fba2324ae,True
913,c858b21d7bbfbe4e73d9f72c2c719c62,a95f2c79bb637141f7e6874eddc8e274,True
914,c858b21d7bbfbe4e73d9f72c2c719c62,a95f2c79bb637141f7e6874eddc8e274,True
915,d68eb55a484036b3575043bdecd64a52,d171ff8d83f707ecca64ff159c7160a7,True
916,a522097fdfebd6da968fadaf63e8fe55,a2268636667d51ce05ddea2451621434,True
917,a522097fdfebd6da968fadaf63e8fe55,a2268636667d51ce05ddea2451621434,True
918,9b048a63ac274e36942d49961c330b76,d0f164331f53f745cfa3e67bf3feb22d,True
919,9b048a63ac274e36942d49961c330b76,d0f164331f53f745cfa3e67bf3feb22d,True
920,2d5bde3a2cdd1d6cf38c6aa52fdf6cc1,,
921,2d5bde3a2cdd1d6cf38c6aa52fdf6cc1,,
922,6ba5456a6705cbb2f0d776f8da35a2e4,,
923,d91f01da45d9011b702cbff221c0ddeb,a95f2c79bb637141f7e6874eddc8e274,True
924,d91f01da45d9011b702cbff221c0ddeb,a95f2c79bb637141f7e6874eddc8e274,True
925,232aac63e35e0fd4a856bb2ebf7f8d50,2d0deacd8be70eefbdc33ac107d97e58,True
926,6123dadfb77ffcc142d7ca3fae29f9c9,,
927,6123dadfb77ffcc142d7ca3fae29f9c9,,
928,c66552ff89678bf21e32e78d3f012a5c,2220d6ff583bde582ed87b96e80776b3,False
929,c66552ff89678bf21e32e78d3f012a5c,206f2cd55c37c08c292e76a14faac1d7,False
930,5d853b6d07f98cc24513acb2a47f6005,,
931,5d853b6d07f98cc24513acb2a47f6005,,
932,e8efba8d06360eeba199f195da80f01d,4608ccb9df2505ed8f3ffe02451b4a19,True
933,67b6165a0cf0043902013560e0ded570,,
934,8f209b8030bd54b1e847fe6a58019df5,,
935,a32346ec05a23af8f63ab347849c764d,,
936,752094adce2ac00d828efe9c916ea338,b2e48b3c4cd58eb8abc2fcf0c2a79a98,True
937,a8959b401a2a5fd70a85651404068b73,c40da13b509a43ba96d3a6832f79bf71,True
938,c820345b025ff959e531db797030a399,d171ff8d83f707ecca64ff159c7160a7,True
939,65e850415322baad58626e3a228478dc,8d45e4361bb82a203b5fac5632890182,False
940,65e850415322baad58626e3a228478dc,cde910559a1e4c3f100f3dbbf656ff66,False
941,65e850415322baad58626e3a228478dc,5613aa8d807dd732b23b1dd667afb190,False
942,634b65e0ded3ff0bd00f6f78d8493bd0,0b2dd0e14711d1f77e15ff1c731ef069,True
943,634b65e0ded3ff0bd00f6f78d8493bd0,0b2dd0e14711d1f77e15ff1c731ef069,True
944,e155fa07da65215c253e937918c92beb,,
945,dcb845c82041eeb07020dec84e03ea97,bafcb8882be3c213101755a0468f3620,False
946,dcb845c82041eeb07020dec84e03ea97,f90ca327ace4f28721be1c39c77d8834,True
947,dcb845c82041eeb07020dec84e03ea97,bafcb8882be3c213101755a0468f3620,False
948,dcb845c82041eeb07020dec84e03ea97,f90ca327ace4f28721be1c39c77d8834,True
949,a4ca4cc7c4b518c13e2ed9444d3d2c79,3c22b735beed13a206fa6d0af9762564,True
950,869ff5b556a0e0f24a48aa673d0bc343,aa93e53df10842c13348a334c8fe423f,True
951,869ff5b556a0e0f24a48aa673d0bc343,aa93e53df10842c13348a334c8fe423f,True
952,7b85597b6a56b4119792423b23f2a40d,7479e6dbfa3b3a8e1e2d4f78cbe0f9e4,True
953,7b85597b6a56b4119792423b23f2a40d,7479e6dbfa3b3a8e1e2d4f78cbe0f9e4,True
954,fa3c3facff89f8ee89f7ee315f057f5e,a69367866979f878635b2b665a6a7e0c,True
955,fa3c3facff89f8ee89f7ee315f057f5e,a69367866979f878635b2b665a6a7e0c,True
956,3a4b776346bfc561712eaf915dda6200,293d9f9a1a076c616ed91d7251ec831c,True
957,03bdff9c9c8cf2ddc0f48bdfb44f8d8b,,
958,3b1490026022f850e4d3c3fb5e2283c9,53fe8a84564b313d4e8ee90f337129dc,True
959,fc1fe65af3d66d6e12b402647d16d9a0,8c5e705001d5cc1c40dbd963ad848486,True
960,fc1fe65af3d66d6e12b402647d16d9a0,8c5e705001d5cc1c40dbd963ad848486,True
961,6a75230d8d1063fcc8568537212211f5,92248f72d47b916a2027085ec1b8e996,True
962,6a75230d8d1063fcc8568537212211f5,cf3ba9b4cc97302d70d28139ae8e4c13,True
963,6a75230d8d1063fcc8568537212211f5,92248f72d47b916a2027085ec1b8e996,True
964,6a75230d8d1063fcc8568537212211f5,cf3ba9b4cc97302d70d28139ae8e4c13,True
965,099a05e6266e1edfdab4db55810f7caf,48bdce10978fb6c94a513987ab657031,True
966,2d27debfce3d25040af54fb77b25427b,35f5b75a7e3d0711f16b0a10219586fb,True
967,2d27debfce3d25040af54fb77b25427b,5bc39f0a0deb7632f5cb9650d5e7067c,True
968,133bc98251c8b80923f550ea2678380e,4e7809adca9c32cebd023acaee306d85,False
969,133bc98251c8b80923f550ea2678380e,b8939761cc0c7b41f75145d0246bb054,False
970,133bc98251c8b80923f550ea2678380e,5ff300975218ec67baae56d95be3f24b,False
971,133bc98251c8b80923f550ea2678380e,569fdcb7a1e3fb3b536fa3f3b6c4ad11,False
972,133bc98251c8b80923f550ea2678380e,46626ada002e4db17e3ea614a3d24972,False
973,133bc98251c8b80923f550ea2678380e,37f232cfa28764df88b31f7058613abd,False
974,133bc98251c8b80923f550ea2678380e,2a12226aa56c8ac552c53c04032a91fb,False
975,133bc98251c8b80923f550ea2678380e,4e7809adca9c32cebd023acaee306d85,False
976,133bc98251c8b80923f550ea2678380e,b8939761cc0c7b41f75145d0246bb054,False
977,133bc98251c8b80923f550ea2678380e,5ff300975218ec67baae56d95be3f24b,False
978,133bc98251c8b80923f550ea2678380e,569fdcb7a1e3fb3b536fa3f3b6c4ad11,False
979,133bc98251c8b80923f550ea2678380e,46626ada002e4db17e3ea614a3d24972,False
980,133bc98251c8b80923f550ea2678380e,37f232cfa28764df88b31f7058613abd,False
981,133bc98251c8b80923f550ea2678380e,2a12226aa56c8ac552c53c04032a91fb,False
982,76bb7680fb857a956ad90ff755e5d7eb,,
983,76bb7680fb857a956ad90ff755e5d7eb,,
984,2192b4d95d164631d8c984dcde3ea635,6ab211e1ca46633ceaeba0ae6f385538,False
985,2192b4d95d164631d8c984dcde3ea635,85dcbf66b078d61015a6e1c1f971d7d8,True
986,2192b4d95d164631d8c984dcde3ea635,6ab211e1ca46633ceaeba0ae6f385538,False
987,2192b4d95d164631d8c984dcde3ea635,85dcbf66b078d61015a6e1c1f971d7d8,True
988,12adb09fef9ef119227ecbe87b41dcc2,84db9a72aba9ae0ef740192ad8747ee3,True
989,4320a3ed03eeab0fe31ba8f62ad901d5,996a59f0f3819e0b8b425de528467407,True
990,5dcd80f33dd59321055f621791918516,90592f3574af0400eaf06d8aabf08645,False
991,5dcd80f33dd59321055f621791918516,ca2b6cd7ce841cb25cf2b79e05b88401,False
992,5dcd80f33dd59321055f621791918516,2719aa0c675f49a428967c66585495eb,False
993,5dcd80f33dd59321055f621791918516,8d2321ee4c215d6ecc0692284599a6dd,False
994,5dcd80f33dd59321055f621791918516,23045fb37e2dab2605b11f9803a22c27,False
995,5dcd80f33dd59321055f621791918516,56992f168f024bfcffb24377a1840b8e,False
996,5dcd80f33dd59321055f621791918516,2e65eeef2dd18bee2a0baf1cec6d35a1,False
997,5dcd80f33dd59321055f621791918516,90592f3574af0400eaf06d8aabf08645,False
998,5dcd80f33dd59321055f621791918516,ca2b6cd7ce841cb25cf2b79e05b88401,False
999,5dcd80f33dd59321055f621791918516,2719aa0c675f49a428967c66585495eb,False
1000,5dcd80f33dd59321055f621791918516,8d2321ee4c215d6ecc0692284599a6dd,False
1001,5dcd80f33dd59321055f621791918516,23045fb37e2dab2605b11f9803a22c27,False
1002,5dcd80f33dd59321055f621791918516,56992f168f024bfcffb24377a1840b8e,False
1003,5dcd80f33dd59321055f621791918516,2e65eeef2dd18bee2a0baf1cec6d35a1,False
1004,5fba3cd9628ce41299533961b00763a4,704d16116f29994ab0e714f4afdb5516,True
1005,5fba3cd9628ce41299533961b00763a4,704d16116f29994ab0e714f4afdb5516,True
1006,ed2f1b0b8dc385e1cce795f4d7d71024,,
1007,ed2f1b0b8dc385e1cce795f4d7d71024,,
1008,11c92e3b876f5f79cd46a93eb90e074b,293d9f9a1a076c616ed91d7251ec831c,True
1009,56ebc2ebc5446a039cb0a86ace68bd32,200aad1a5d236d4bc6239797c7da5a91,False
1010,8edfd1b291e958ee35c64cdb6a5e519d,643d4afbd87752a89d7643faed261aba,True
1011,0daec302e2745287b29948a8c8c30cf1,f20bdb43ae78d3d70e4128bc1b36a410,False
1012,0daec302e2745287b29948a8c8c30cf1,b02d4cc73b788090f7b12cd318e944e0,False
1013,0daec302e2745287b29948a8c8c30cf1,c8c1e1be0530a2392325d1b6f2addeb4,False
1014,0daec302e2745287b29948a8c8c30cf1,0417a1019c46be1ee841764d6112f0e3,False
1015,0daec302e2745287b29948a8c8c30cf1,8da8f27977d946b8c912d42c8827b55c,False
1016,0daec302e2745287b29948a8c8c30cf1,f20bdb43ae78d3d70e4128bc1b36a410,False
1017,0daec302e2745287b29948a8c8c30cf1,b02d4cc73b788090f7b12cd318e944e0,False
1018,0daec302e2745287b29948a8c8c30cf1,c8c1e1be0530a2392325d1b6f2addeb4,False
1019,0daec302e2745287b29948a8c8c30cf1,0417a1019c46be1ee841764d6112f0e3,False
1020,0daec302e2745287b29948a8c8c30cf1,8da8f27977d946b8c912d42c8827b55c,False
1021,a2bf1303a535bba11900932213b0f987,c40da13b509a43ba96d3a6832f79bf71,True
1022,585c27740dd6f680c0dcaba323562939,6ab211e1ca46633ceaeba0ae6f385538,False
1023,585c27740dd6f680c0dcaba323562939,85dcbf66b078d61015a6e1c1f971d7d8,True
1024,585c27740dd6f680c0dcaba323562939,6ab211e1ca46633ceaeba0ae6f385538,False
1025,585c27740dd6f680c0dcaba323562939,85dcbf66b078d61015a6e1c1f971d7d8,True
1026,34730c1fb6e55ece2567c4ffe53ca466,704d16116f29994ab0e714f4afdb5516,True
1027,34730c1fb6e55ece2567c4ffe53ca466,704d16116f29994ab0e714f4afdb5516,True
1028,c5334b682758b141c481f87ae010b537,b179bfe63cc32d912ed1a995ab06d446,False
1029,c5334b682758b141c481f87ae010b537,68b011b72ebf26b6e014d2e300007be0,False
1030,c5334b682758b141c481f87ae010b537,fdec175ea8d183edac01cd40398c39c2,False
1031,c5334b682758b141c481f87ae010b537,32ce4bd723563584d07fe726809253bd,False
1032,c5334b682758b141c481f87ae010b537,76d3efd17b6fc83aaac13e961824c5ae,False
1033,c5334b682758b141c481f87ae010b537,b179bfe63cc32d912ed1a995ab06d446,False
1034,c5334b682758b141c481f87ae010b537,68b011b72ebf26b6e014d2e300007be0,False
1035,c5334b682758b141c481f87ae010b537,fdec175ea8d183edac01cd40398c39c2,False
1036,c5334b682758b141c481f87ae010b537,32ce4bd723563584d07fe726809253bd,False
1037,c5334b682758b141c481f87ae010b537,76d3efd17b6fc83aaac13e961824c5ae,False
1038,df71091620312eacc28a6accccfb2aa4,ac1d4544ab4886b851f74b2c21952378,True
1039,df71091620312eacc28a6accccfb2aa4,ac1d4544ab4886b851f74b2c21952378,True
1040,167281fa2a3d19ac21d1e894c7338ba4,0119a79114328c9b2802771bed6611f5,True
1041,11b4f413984624557c2b1a4566b0d71a,7ae1f91c183daa18d614ccfc5345cf7f,False
1042,11b4f413984624557c2b1a4566b0d71a,d6e12d5a3c67835b32b01afd4ef8e5c9,False
1043,11b4f413984624557c2b1a4566b0d71a,c72e0dfaf5099bb7cc2373c336763daf,False
1044,11b4f413984624557c2b1a4566b0d71a,4c12735161018db54e2ef9588bf40987,False
1045,11b4f413984624557c2b1a4566b0d71a,af4c8fc606779e80f8846f87f4041a37,False
1046,11b4f413984624557c2b1a4566b0d71a,c7aef90588e0caa56ae6737a4e6a3f17,False
1047,11b4f413984624557c2b1a4566b0d71a,96b09647372281edde58c8328c0fcd50,False
1048,11b4f413984624557c2b1a4566b0d71a,b1ddd192220ade2eec0481fe284cb6c0,False
1049,11b4f413984624557c2b1a4566b0d71a,dceadbb36871071f30c308ca091fbdc8,False
1050,11b4f413984624557c2b1a4566b0d71a,7ae1f91c183daa18d614ccfc5345cf7f,False
1051,11b4f413984624557c2b1a4566b0d71a,d6e12d5a3c67835b32b01afd4ef8e5c9,False
1052,11b4f413984624557c2b1a4566b0d71a,c72e0dfaf5099bb7cc2373c336763daf,False
1053,11b4f413984624557c2b1a4566b0d71a,4c12735161018db54e2ef9588bf40987,False
1054,11b4f413984624557c2b1a4566b0d71a,af4c8fc606779e80f8846f87f4041a37,False
1055,11b4f413984624557c2b1a4566b0d71a,c7aef90588e0caa56ae6737a4e6a3f17,False
1056,11b4f413984624557c2b1a4566b0d71a,96b09647372281edde58c8328c0fcd50,False
1057,11b4f413984624557c2b1a4566b0d71a,b1ddd192220ade2eec0481fe284cb6c0,False
1058,11b4f413984624557c2b1a4566b0d71a,dceadbb36871071f30c308ca091fbdc8,False
1059,3eb2ebe44756a1a9cd244d8c9507fc7b,6f98ad7345f59e9a0a60b6f706b373bb,True
1060,3eb2ebe44756a1a9cd244d8c9507fc7b,7b435cb9b95d31df2c5ac4b6e968de23,False
1061,3eb2ebe44756a1a9cd244d8c9507fc7b,867bd2a6667512e1066484cecd62aaaa,False
1062,3eb2ebe44756a1a9cd244d8c9507fc7b,4c435d2297941eafda7fe30f327f88ec,True
1063,3eb2ebe44756a1a9cd244d8c9507fc7b,6f98ad7345f59e9a0a60b6f706b373bb,True
1064,3eb2ebe44756a1a9cd244d8c9507fc7b,7b435cb9b95d31df2c5ac4b6e968de23,False
1065,3eb2ebe44756a1a9cd244d8c9507fc7b,867bd2a6667512e1066484cecd62aaaa,False
1066,3eb2ebe44756a1a9cd244d8c9507fc7b,4c435d2297941eafda7fe30f327f88ec,True
1067,0c483c6b4e1406070b3e5397c52f50eb,,
1068,90e8a777898feac1ac0d2bbe3855b3f3,8dec095316fa4b5dce74eff524864bdc,False
1069,ad932200f9745e46d6f7bfd9458ad892,37e2a37daa119629991bbc398d00b576,True
1070,d3c675e9f3507412928d3bb725c2c8d2,9457860c1b69f7ec3e51a6b648eabf13,True
1071,d3c675e9f3507412928d3bb725c2c8d2,9457860c1b69f7ec3e51a6b648eabf13,True
1072,262419be2d6fc1fbbbdcbf9645d7b11a,1f428b80274eef479c8efcfddf1a136e,False
1073,262419be2d6fc1fbbbdcbf9645d7b11a,935dc0f5ceba775f0a07fef4880045ec,False
1074,262419be2d6fc1fbbbdcbf9645d7b11a,fd8f5f24e34620067260dea71d5c2186,False
1075,262419be2d6fc1fbbbdcbf9645d7b11a,9aef5d58ef02a4cd27d4e08c457ef4ba,False
1076,262419be2d6fc1fbbbdcbf9645d7b11a,2c2d7f753668fa3d4ec0058ff7b82e0f,False
1077,262419be2d6fc1fbbbdcbf9645d7b11a,229de7c401ff4c22d0788ceb537ff671,False
1078,262419be2d6fc1fbbbdcbf9645d7b11a,d47999d66ffd2e24806eaa59c1dfd8c0,False
1079,262419be2d6fc1fbbbdcbf9645d7b11a,cd278b1a956e91aa58d0a1588fd2d96d,False
1080,262419be2d6fc1fbbbdcbf9645d7b11a,1f428b80274eef479c8efcfddf1a136e,False
1081,262419be2d6fc1fbbbdcbf9645d7b11a,935dc0f5ceba775f0a07fef4880045ec,False
1082,262419be2d6fc1fbbbdcbf9645d7b11a,fd8f5f24e34620067260dea71d5c2186,False
1083,262419be2d6fc1fbbbdcbf9645d7b11a,9aef5d58ef02a4cd27d4e08c457ef4ba,False
1084,262419be2d6fc1fbbbdcbf9645d7b11a,2c2d7f753668fa3d4ec0058ff7b82e0f,False
1085,262419be2d6fc1fbbbdcbf9645d7b11a,229de7c401ff4c22d0788ceb537ff671,False
1086,262419be2d6fc1fbbbdcbf9645d7b11a,d47999d66ffd2e24806eaa59c1dfd8c0,False
1087,262419be2d6fc1fbbbdcbf9645d7b11a,cd278b1a956e91aa58d0a1588fd2d96d,False
1088,76be8cd1cfd2f9c0ce52bf5a4e7ed030,,
1089,34bd30d6e8fe505b0dfc550279cde6c1,,
1090,048723fd5863d45d8a8e867f21e8af9f,91a46cd9228c04e77df05536a036824b,False
1091,048723fd5863d45d8a8e867f21e8af9f,5d59784e70a74d4f44c729afff22668c,True
1092,048723fd5863d45d8a8e867f21e8af9f,91a46cd9228c04e77df05536a036824b,False
1093,048723fd5863d45d8a8e867f21e8af9f,5d59784e70a74d4f44c729afff22668c,True
1094,e54c803efc899f4a6cb0f727734076eb,30cca46b98006c525d3df89d6b6374e4,True
1095,e54c803efc899f4a6cb0f727734076eb,30cca46b98006c525d3df89d6b6374e4,True
1096,db3eca4495be28a22d9d02d465c1f702,9457860c1b69f7ec3e51a6b648eabf13,True
1097,db3eca4495be28a22d9d02d465c1f702,9457860c1b69f7ec3e51a6b648eabf13,True
1098,59f7fa785f9dbd46f45758e22454e912,e214a8d4074404ce95c55308381fe3e4,False
1099,59f7fa785f9dbd46f45758e22454e912,a6f3f2e664a9fe97d7078dc2d5f72573,False
1100,59f7fa785f9dbd46f45758e22454e912,529211fe46a2859362fa745ffa62a094,False
1101,59f7fa785f9dbd46f45758e22454e912,f16f4add0fdec807862b5c422c09f3f3,False
1102,59f7fa785f9dbd46f45758e22454e912,9d8677a799797c76a8205988cd3888b2,False
1103,59f7fa785f9dbd46f45758e22454e912,e214a8d4074404ce95c55308381fe3e4,False
1104,59f7fa785f9dbd46f45758e22454e912,a6f3f2e664a9fe97d7078dc2d5f72573,False
1105,59f7fa785f9dbd46f45758e22454e912,529211fe46a2859362fa745ffa62a094,False
1106,59f7fa785f9dbd46f45758e22454e912,f16f4add0fdec807862b5c422c09f3f3,False
1107,59f7fa785f9dbd46f45758e22454e912,9d8677a799797c76a8205988cd3888b2,False
1108,319579dab915552f4640ecf57ce13c21,d6e6c8e452ed628425e9e928306a6db0,True
1109,d00dfe732a32e3631dd17f0a1a6c0163,,
1110,f912db65ef98bb2d78c80d84e8781ac2,,
1111,f912db65ef98bb2d78c80d84e8781ac2,,
1112,7bcdd7b4c42594d00b05f42984405d17,,
1113,7bcdd7b4c42594d00b05f42984405d17,,
1114,8e5c8f0cc61aad4fcbc5cc119bdf4c96,f9848244883f6c70972acef16680431a,True
1115,01279a23c49b258b9330619a081014e4,a0bfd09a989530ba348d64499adf6a6b,True
1116,42b73e4e346571372f4babe678688dfd,de78115cc476af9422f916ddfbccbfb6,True
1117,f41e71ec9619dbb065634b4714d1818e,a95f2c79bb637141f7e6874eddc8e274,True
1118,f41e71ec9619dbb065634b4714d1818e,a95f2c79bb637141f7e6874eddc8e274,True
1119,87a52b812e0018839b22bb6d4a313968,,
1120,87a52b812e0018839b22bb6d4a313968,,
1121,fa238ec2a83302fb4af92442c3683a23,a4cbf9bcb8587da94046346156e150bb,False
1122,fa238ec2a83302fb4af92442c3683a23,c13387e07fa0f74e67636c74300e0a67,False
1123,fa238ec2a83302fb4af92442c3683a23,a8f22fbc0c6ea951f007c5d4af864bc9,False
1124,fa238ec2a83302fb4af92442c3683a23,1b094401a7b90223b6353161dbb683f7,False
1125,1b015d3b973ac6510bbb40f4112f0486,7479e6dbfa3b3a8e1e2d4f78cbe0f9e4,True
1126,1b015d3b973ac6510bbb40f4112f0486,7479e6dbfa3b3a8e1e2d4f78cbe0f9e4,True
1127,05ff7ee95ed22ef3061c8f4c38cd5594,,
1128,05ff7ee95ed22ef3061c8f4c38cd5594,,
1129,29abbcbe17cff4a6f6d1cdef5f8dc17a,,
1130,7d8d74ed6b1f5f3a947cbf0d6db71a5a,,
1131,7d8d74ed6b1f5f3a947cbf0d6db71a5a,,
1132,7e452891b83ca984a2f210312d90495d,4608ccb9df2505ed8f3ffe02451b4a19,True
1133,fa6d9c732c7f239422ec6b357136fcd4,7646a8a89555a123a56446b66c183d58,True
1134,fa6d9c732c7f239422ec6b357136fcd4,fe391b9ac729ec7b73d55d66e1e74438,True
1135,0c3ce767d87527f41fd705fd469390a0,853ab5348f619043ab2f997ac8ae14f0,True
1136,0c3ce767d87527f41fd705fd469390a0,9d37d91769087f8082a514f6eed10bbc,True
1137,0c3ce767d87527f41fd705fd469390a0,853ab5348f619043ab2f997ac8ae14f0,True
1138,0c3ce767d87527f41fd705fd469390a0,9d37d91769087f8082a514f6eed10bbc,True
1139,24689bf48e904674a7191beef31d82cb,,
1140,bbab5449e7476eb6b52cbb632980aa2b,9457860c1b69f7ec3e51a6b648eabf13,True
1141,bbab5449e7476eb6b52cbb632980aa2b,9457860c1b69f7ec3e51a6b648eabf13,True
1142,1b2dede6f4a92c4114ae0e581b5466ce,704d16116f29994ab0e714f4afdb5516,True
1143,1b2dede6f4a92c4114ae0e581b5466ce,704d16116f29994ab0e714f4afdb5516,True
1144,17be751d961c5baf6c1dbe2e70c5d93c,be103f95cc6c1a3e48f099d1bd149a49,True
1145,17be751d961c5baf6c1dbe2e70c5d93c,503f9caeffb9ee1e1324793c977d2342,True
1146,17be751d961c5baf6c1dbe2e70c5d93c,be103f95cc6c1a3e48f099d1bd149a49,True
1147,17be751d961c5baf6c1dbe2e70c5d93c,503f9caeffb9ee1e1324793c977d2342,True
1148,4fd265dcee759fad2ecfe009e4f4f62f,,
1149,f1b130f1200ae1fabe56cb506245490c,3bb5f743b039cb620d7ef234e0876f7a,True
1150,f1b130f1200ae1fabe56cb506245490c,df811b74923e105691a021be3fa35e54,True
1151,1775f81a5e3186cd527f8535a2010fe8,,
1152,1aea5d37b6bef49653515595f228c545,89806365526ba5b26b07a8383e5bfea7,False
1153,1aea5d37b6bef49653515595f228c545,14edde4cfa211baf019c054b3f1ba1c1,False
1154,1aea5d37b6bef49653515595f228c545,75e6521d5c23bf28c9513ea5f3fdde7b,False
1155,1aea5d37b6bef49653515595f228c545,c8e370878bf8e1e81663f2e51f48434a,False
1156,1aea5d37b6bef49653515595f228c545,62e705f60add30b663df847c18003e36,False
1157,1aea5d37b6bef49653515595f228c545,a40043a8f837186f5a8827e44389c8d4,False
1158,1aea5d37b6bef49653515595f228c545,89806365526ba5b26b07a8383e5bfea7,False
1159,1aea5d37b6bef49653515595f228c545,14edde4cfa211baf019c054b3f1ba1c1,False
1160,1aea5d37b6bef49653515595f228c545,75e6521d5c23bf28c9513ea5f3fdde7b,False
1161,1aea5d37b6bef49653515595f228c545,c8e370878bf8e1e81663f2e51f48434a,False
1162,1aea5d37b6bef49653515595f228c545,62e705f60add30b663df847c18003e36,False
1163,1aea5d37b6bef49653515595f228c545,a40043a8f837186f5a8827e44389c8d4,False
1164,9442fd8dcb0040b929ef1c048bf181ef,,
